year,ticker,mktcap,cap_share_pct,era,layer
1996,AMD,20404248500.0,0.16195098081518483,owns fabs (to 2008),fabricates compute
1997,AMD,14065064500.0,0.11043240178947378,owns fabs (to 2008),fabricates compute
1998,AMD,22979542000.0,0.1598475918254741,owns fabs (to 2008),fabricates compute
1999,AMD,22930017125.0,0.16113543012171513,owns fabs (to 2008),fabricates compute
2000,AMD,10944997375.0,0.0997480890805453,owns fabs (to 2008),fabricates compute
2001,AMD,12567432007.951736,0.1284623749221784,owns fabs (to 2008),fabricates compute
2002,AMD,5118891110.227585,0.06183760850214817,owns fabs (to 2008),fabricates compute
2003,AMD,11806729897.724152,0.11986917042332468,owns fabs (to 2008),fabricates compute
2004,AMD,17448604322.731018,0.17152482932127935,owns fabs (to 2008),fabricates compute
2005,AMD,24247379102.27585,0.24004295155063288,owns fabs (to 2008),fabricates compute
2006,AMD,16125299602.275848,0.13884791243224412,owns fabs (to 2008),fabricates compute
2007,AMD,5942985000.0,0.047602047203219866,owns fabs (to 2008),fabricates compute
2008,AMD,1711579748.012066,0.02234631446071001,owns fabs (to 2008),fabricates compute
2009,AMD,7670412881.820679,0.07281504195841673,fabless (2009 on),designs compute
2010,AMD,6481815881.820679,0.05229107372100519,fabless (2009 on),designs compute
2011,AMD,4278949275.568962,0.032586579532263654,fabless (2009 on),designs compute
2012,AMD,1901755275.568962,0.012478362346797486,fabless (2009 on),designs compute
2017,AMD,10021683899.681091,0.046346583291552786,fabless (2009 on),designs compute
2018,AMD,18449051861.975582,0.09059030392267663,fabless (2009 on),designs compute
2019,AMD,53521828711.04297,0.20251036539767017,fabless (2009 on),designs compute
2020,AMD,110425260065.00098,0.3460745990759735,fabless (2009 on),designs compute
2021,AMD,173775069326.9336,0.42673817065285363,fabless (2009 on),designs compute
2022,AMD,104432547642.13477,0.3125930964033846,fabless (2009 on),designs compute
2023,AMD,238140865633.2578,0.5664310514491003,fabless (2009 on),designs compute
2024,AMD,196019219453.0869,0.3732566112977801,fabless (2009 on),designs compute
2025,AMD,348661382168.4662,0.568530755128537,fabless (2009 on),designs compute
