year,roster,in_panel,coverage
1996,468,187,0.3995726495726496
1997,468,207,0.4423076923076923
1998,471,219,0.46496815286624205
1999,466,229,0.49141630901287553
2000,461,240,0.5206073752711496
2001,463,246,0.531317494600432
2002,458,254,0.5545851528384279
2003,458,258,0.5633187772925764
2004,457,261,0.5711159737417943
2005,457,273,0.5973741794310722
2006,451,283,0.6274944567627494
2007,446,300,0.672645739910314
2008,443,306,0.690744920993228
2009,445,319,0.7168539325842697
2010,447,325,0.727069351230425
2011,452,336,0.7433628318584071
2012,458,346,0.7554585152838428
2013,461,351,0.7613882863340564
2014,464,357,0.7693965517241379
2015,470,371,0.7893617021276595
2016,484,391,0.8078512396694215
2017,491,405,0.824847250509165
2018,497,417,0.8390342052313883
2019,499,430,0.8617234468937875
2020,501,441,0.8802395209580839
2021,501,449,0.8962075848303394
2022,498,464,0.9317269076305221
2023,502,475,0.9462151394422311
2024,503,483,0.9602385685884692
2025,503,488,0.9701789264413518
