year,compute equipment,designs compute,fabricates compute,not digital,operates compute,other digital
1996,0.3470996227856782,,6.161850245110562,74.09662215247333,7.021543322037774,12.372884657592637
1997,0.2960700911666606,,3.455334939879464,72.2837134181369,9.631745678529867,14.333135872287109
1998,0.3697918266785408,,5.440409463350697,70.77591709117297,9.717188738309574,13.696692880488213
1999,1.1087123461239183,2.016145850973549,4.716316234211745,63.18132008357607,10.687930556655704,18.289574928459025
2000,0.4548499303317284,1.2804673166658616,2.3495178243841828,79.09475532029022,4.8568592101458545,11.963550398182162
2001,0.543476011674272,1.3197453397595362,2.463899087173237,77.58737974904449,6.925739257756394,11.159760554592063
2002,,0.765711349071281,1.0285765804990628,81.38558880448143,6.416430788157344,10.40369247779089
2003,0.3084181185724518,0.9695344963527235,2.1654090000997757,82.58638158199442,3.279692402541411,10.690564400439218
2004,,0.7575522560853588,1.6088923998909428,80.0042438943645,3.2222224052666717,14.407089044392517
2005,,0.7942137582624709,1.8436936004318873,81.33052791482697,3.1911840440568344,12.840380682421829
2006,,0.6075057411075764,1.3344897184679776,76.43580647820222,6.708146446149393,14.914051616072832
2007,,0.5803236645780845,1.566815456080576,69.05574636788087,8.812865978864396,19.984248532596077
2008,,0.8614281241155468,1.1065503347916128,72.42809711506577,7.44395322444664,18.159971201580426
2009,,0.8158487372535235,1.439708806912816,63.939787496372446,9.808555981449226,23.996098978011986
2010,,0.745411260665805,1.3248117803864674,61.36482102118348,8.490509176702425,28.07444676106182
2011,,0.7734504193562964,1.3543089979568537,59.71131419111438,7.9064815424938635,30.254444849078606
2012,,0.7564004069561792,1.0464920804449778,57.079174677150256,7.7886229121855015,33.329309923263075
2013,,0.7297412550620759,1.0922666676099393,59.59019308736403,9.266850641494276,29.320948348469678
2014,,0.8985923030511147,1.813621539587917,73.01751384895218,8.60910367813705,15.661168630271732
2015,,0.97304696583522,1.8416358519163636,69.93998674543604,12.227480206814025,15.017850229998334
2016,,1.7948622013238047,1.9240806956140584,67.61202973248615,12.087634268854103,16.581393101721893
2017,,2.0973974645419373,2.0987940990267293,65.2268834494647,14.054406104804427,16.522518882162228
2018,,1.751955817123115,2.103615824500202,62.81921116445428,16.550803995296143,16.774413198626263
2019,,1.998144847787691,2.0510646898241394,59.55950582454943,17.32740021698187,19.063884420856873
2020,0.3406769696246789,3.38502725076941,1.8944471817718096,49.49666005014053,20.279565584228084,24.603622963465483
2021,0.8205120288967386,4.7202634038920745,1.9753412850151233,46.8439244066149,21.856717117887076,23.783241757694082
2022,0.3539359628102516,3.5543658763061328,1.4854728487729696,56.94783760003072,18.643406895624967,19.014980816454973
2023,0.7854262746489791,7.080734089358693,1.846754031050359,44.44178254491286,24.16505540458506,21.680247655444045
2024,0.575270699244151,12.785928300874366,0.9455466318835463,39.0593833676627,24.796828350170376,21.837042650164857
2025,1.2381475800238413,14.671601727914329,1.679933800544445,36.649446693421254,25.755042280790715,20.005827917305417
