layer,window,first,last,slope_pp_per_year,p
designs compute,"1996-2015, before",2.02,0.97,-0.0371,0.0792
designs compute,"2016-2025, measured",1.79,14.67,1.3537,0.0
designs compute,"1996-2025, all",2.02,14.67,0.2906,0.0228
fabricates compute,"1996-2015, before",6.16,1.84,-0.1858,0.0015
fabricates compute,"2016-2025, measured",1.92,1.68,-0.0798,0.0
fabricates compute,"1996-2025, all",6.16,1.68,-0.0783,0.0412
compute equipment,"1996-2015, before",0.35,0.31,0.0081,0.7971
compute equipment,"2016-2025, measured",0.34,1.24,0.1195,0.0004
compute equipment,"1996-2025, all",0.35,1.24,0.0095,0.0586
operates compute,"1996-2015, before",7.02,12.23,0.1125,0.3128
operates compute,"2016-2025, measured",12.09,25.76,1.4655,0.0
operates compute,"1996-2025, all",7.02,25.76,0.6188,0.0
