year,n,share_pct,firms,compute_firms
2016,4,11.3,"AAPL, GOOG, MSFT, BRK-B","GOOG, MSFT"
2017,5,15.3,"AAPL, GOOG, MSFT, AMZN, BRK-B","GOOG, MSFT, AMZN"
2018,5,17.1,"MSFT, AAPL, AMZN, GOOG, BRK-B","MSFT, AMZN, GOOG"
2019,5,18.5,"AAPL, MSFT, GOOG, AMZN, BRK-B","MSFT, GOOG, AMZN"
2020,5,23.3,"AAPL, MSFT, AMZN, GOOGL, TSLA","MSFT, AMZN, GOOGL"
2021,5,25.0,"AAPL, MSFT, GOOG, AMZN, TSLA","MSFT, GOOG, AMZN"
2022,5,19.6,"AAPL, MSFT, GOOG, AMZN, BRK-B","MSFT, GOOG, AMZN"
2023,5,24.6,"AAPL, MSFT, GOOGL, AMZN, NVDA","MSFT, GOOGL, AMZN, NVDA"
2024,5,28.5,"AAPL, NVDA, MSFT, GOOGL, AMZN","NVDA, MSFT, GOOGL, AMZN"
2025,5,30.0,"NVDA, AAPL, GOOGL, MSFT, AMZN","NVDA, GOOGL, MSFT, AMZN"
