year,firm,kind,capex_intensity,asset_light
2016,AAPL,other tail firm,0.059052397757363,0.9160361346157433
2016,AMZN,hyperscaler,0.04954150029046894,0.650919642214815
2016,BRK-B,other tail firm,0.060219232592950714,
2016,GOOGL,hyperscaler,0.11312477844735909,0.7956142498074592
2016,META,hyperscaler,0.16249366813807078,0.8677514200828189
2016,MSFT,hyperscaler,0.08417640906690414,0.905121260363471
2016,NVDA,other tail firm,,0.9367706919945726
2016,XOM,other tail firm,0.08056203520944236,0.26063079372960274
2017,AAPL,other tail firm,0.05431567743004964,0.9099885697233553
2017,AMZN,hyperscaler,0.06721352029055581,0.6278577412230599
2017,BRK-B,other tail firm,0.0487969558168322,
2017,GOOGL,hyperscaler,0.11893013395877497,0.785179553460554
2017,META,hyperscaler,0.1656212333653113,0.8376674080734465
2017,MSFT,hyperscaler,0.10540050743022834,0.9051823324491035
2017,NVDA,other tail firm,,0.9470582257900619
2017,XOM,other tail firm,0.06494295038834215,0.2754903338485938
2018,AAPL,other tail firm,0.05012519060976298,0.8870626837104382
2018,AMZN,hyperscaler,0.057654570671613274,0.6200568097978456
2018,BRK-B,other tail firm,0.0828578756875374,
2018,GOOGL,hyperscaler,0.18373910056351822,0.7434662703185677
2018,META,hyperscaler,0.24920305168523227,0.7464092711693755
2018,MSFT,hyperscaler,0.11065375110256431,0.886188033131413
2018,NVDA,other tail firm,,0.9113068232363669
2018,XOM,other tail firm,0.0700743201638194,0.28623958682364903
2019,AAPL,other tail firm,0.04033838892433525,0.8895827671365608
2019,AMZN,hyperscaler,0.060105802753438235,0.6772224392669413
2019,BRK-B,other tail firm,0.09052642313270486,
2019,GOOGL,hyperscaler,0.1454864479138993,0.7330786599929686
2019,META,hyperscaler,0.21361585357228738,0.7351622480806141
2019,MSFT,hyperscaler,0.10796769569625564,0.8727055095688103
2019,NVDA,other tail firm,,0.8943725549202528
2019,XOM,other tail firm,0.0953154161270507,0.30220603038635174
2020,AAPL,other tail firm,0.026625138881299748,0.8864854517611026
2020,AMZN,hyperscaler,0.10397239835882134,0.6478338703902613
2020,BRK-B,other tail firm,0.07804093970599701,
2020,GOOGL,hyperscaler,0.12206961161910293,0.7348411844213056
2020,META,hyperscaler,0.1763857383818996,0.7135692585804314
2020,MSFT,hyperscaler,0.12268573604302509,0.8534703346376336
2020,NVDA,other tail firm,,0.9033208200981808
2020,TSLA,other tail firm,0.1001078132927448,0.7555610953440208
2020,XOM,other tail firm,0.09677780639958784,0.31614425244177313
2021,AAPL,other tail firm,0.030302036264033657,0.8876359678862229
2021,AMZN,hyperscaler,0.12994921480901278,0.6188767539573272
2021,BRK-B,other tail firm,0.06941626754230021,
2021,GOOGL,hyperscaler,0.09563843702573777,0.7283392898894419
2021,META,hyperscaler,0.15848519024158603,0.6517257375577605
2021,MSFT,hyperscaler,0.12047208352246935,0.8210941970585327
2021,NVDA,other tail firm,0.036263654603552055,0.925358619012886
2021,TSLA,other tail firm,0.12043178566783717,0.6960615473757061
2021,XOM,other tail firm,0.04364419643502523,0.36105841149759677
2022,AAPL,other tail firm,0.02715505873283155,0.8806055194114896
2022,AMZN,hyperscaler,0.12382705264571008,0.5964445885340681
2022,BRK-B,other tail firm,0.07442809631758042,
2022,GOOGL,hyperscaler,0.11131892686928113,0.6915436506198256
2022,META,hyperscaler,0.2674407635774254,0.5718554652796847
2022,MSFT,hyperscaler,0.13263336715192411,0.7960804736322772
2022,NVDA,other tail firm,0.067954326388374,0.9371308303347138
2022,TSLA,other tail firm,0.08786919054282978,0.7140081129004834
2022,XOM,other tail firm,0.04449574550377103,0.44537983618150634
2023,AAPL,other tail firm,0.02859230076835775,0.8760150092318688
2023,AMZN,hyperscaler,0.09173691032299033,0.6131941786933508
2023,BRK-B,other tail firm,0.07614179344542694,
2023,GOOGL,hyperscaler,0.10491746748472644,0.6661340185689577
2023,META,hyperscaler,0.2004788661398645,0.5793670494680411
2023,MSFT,hyperscaler,0.18144842160230415,0.7678481270753637
2023,NVDA,other tail firm,0.017547027346442992,0.9075566995289204
2023,TSLA,other tail firm,0.0919574674754322,0.7212009229210827
2023,XOM,other tail firm,0.0636104033292511,0.4288326065524545
2024,AAPL,other tail firm,0.02415896275269477,0.8748424571209381
2024,AMZN,hyperscaler,0.13010083720113674,0.5956674251953131
2024,BRK-B,other tail firm,0.07599093362807051,
2024,GOOGL,hyperscaler,0.15009228096840735,0.6201361003517999
2024,META,hyperscaler,0.22647886638986997,0.5604265832047353
2024,MSFT,hyperscaler,0.22912850875324786,0.7352581111872587
2024,NVDA,other tail firm,0.024797504923484832,0.9404515579357351
2024,TSLA,other tail firm,0.11610195516429522,0.7064307364626854
2024,XOM,other tail firm,0.06952815481213438,0.35097193891614753
2025,AAPL,other tail firm,0.030553079216937677,0.861279753702946
2025,AMZN,hyperscaler,0.18386746712343288,0.5635615286256697
2025,BRK-B,other tail firm,0.08464108330232482,
2025,GOOGL,hyperscaler,0.22700801318650765,0.5857468993634939
2025,META,hyperscaler,0.3467800523471632,0.5180604391551304
2025,MSFT,hyperscaler,0.34941040685392616,0.6688772106112572
2025,NVDA,other tail firm,0.027980253591308617,0.9437012213152212
2025,TSLA,other tail firm,0.08992164678836197,0.7050708967679201
2025,XOM,other tail firm,0.08535447480420662,0.3332152879861018
