variable,panel,group,n_firms,first,last,slope,p_hac
capex_intensity,all,digital,79,0.0601,0.0686,0.00266,0.0019
capex_intensity,all,rest,408,0.0906,0.0948,0.00195,0.0009
capex_intensity,all,tail,9,0.087,0.1584,0.00429,0.0095
capex_intensity,balanced,digital,37,0.0603,0.105,0.00695,0.0
capex_intensity,balanced,rest,224,0.0815,0.0889,0.00171,0.0
capex_intensity,balanced,tail,7,0.087,0.1868,0.0069,0.0013
asset_light,all,digital,84,0.8692,0.8928,0.00216,0.0
asset_light,all,rest,444,0.7195,0.7467,0.00387,0.0002
asset_light,all,tail,8,0.7618,0.6474,-0.01122,0.0
asset_light,balanced,digital,42,0.8683,0.8613,-0.00058,0.0802
asset_light,balanced,rest,265,0.7066,0.7285,0.00313,0.0006
asset_light,balanced,tail,7,0.7618,0.6392,-0.01197,0.0
gross_margin,all,digital,68,0.5489,0.5714,2e-05,0.9778
gross_margin,all,rest,314,0.4444,0.4437,-0.00198,0.0756
gross_margin,all,tail,7,0.5748,0.5655,-0.00222,0.213
gross_margin,balanced,digital,30,0.5338,0.5553,0.00042,0.6562
gross_margin,balanced,rest,151,0.4174,0.4232,0.00045,0.4592
gross_margin,balanced,tail,6,0.5748,0.6298,0.00673,0.0
dep_intensity,all,digital,60,0.0737,0.1389,0.01233,0.0006
dep_intensity,all,rest,346,0.2162,0.1447,-0.01175,0.0
dep_intensity,all,tail,6,0.0691,0.0597,-0.00119,0.0275
dep_intensity,balanced,digital,21,0.0766,0.286,0.03401,0.0
dep_intensity,balanced,rest,173,0.1594,0.1306,-0.00774,0.0
dep_intensity,balanced,tail,5,0.0691,0.069,-0.00025,0.6734
