old,new,effective,evidence
FB,META,2022-06-09,"Facebook Inc -> Meta Platforms, name to 2021-10-27, CIK 1326801"
ANTM,ELV,2022-06-28,"Anthem, Inc. -> Elevance Health, name to 2022-06-24, CIK 1156039"
DISCA,WBD,2022-04-11,"Discovery -> Warner Bros. Discovery, CIK 1437107"
BLL,BALL,2022-05-10,"Ball Corp, ticker change only, CIK 9389"
ABC,COR,2023-08-30,"AmerisourceBergen -> Cencora, CIK 1140859"
RE,EG,2023-07-11,"Everest Re Group -> Everest Group, name to 2023-07-06, CIK 1095073"
PKI,RVTY,2023-05-18,"PerkinElmer -> Revvity, name to 2023-04-14, CIK 31791"
RVTY (PREVIOUSLY PKI),RVTY,2024-01-01,membership file writes the rename inline
PEAK,DOC,2024-03-04,"Healthpeak Properties, ticker change only, CIK 765880"
STI,TFC,2019-12-09,"SunTrust + BB&T -> Truist Financial, CIK 92230"
FISV,FI,2023-06-08,"Fiserv, ticker change only, CIK 798354"
COG,CTRA,2021-10-04,"Cabot Oil & Gas -> Coterra Energy, CIK 858470"
CTL,LUMN,2020-09-18,"CenturyLink -> Lumen Technologies, name to 2021-01-20, CIK 18926"
TMK,GL,2019-08-08,"Torchmark -> Globe Life, name to 2019-08-02, CIK 320335"
HRS,LHX,2019-06-01,"Harris Corp -> L3Harris, name to 2019-06-25, CIK 202058"
NLOK,GEN,2022-11-08,"NortonLifeLock -> Gen Digital, name to 2022-10-12, CIK 849399"
WLTW,WTW,2022-01-20,"Willis Towers Watson, ticker change only, CIK 1140536"
JEC,J,2019-12-10,"Jacobs Engineering -> Jacobs Solutions, CIK 52988"
BRK.B,BRK-B,2023-09-24,"membership file punctuation, not a rename"
