year,n,gini,hhi,top1_share,top10_share,alpha_hill,alpha_hill_se,hill_k
2016,403,0.58793951251914,0.008705594932717681,0.10968892289295219,0.48221278722783445,1.4669109902450528,0.23193899269537027,40
2017,418,0.5969258626963685,0.009418186748512115,0.12621298750611676,0.49414844119459367,1.4360928883565178,0.22428002879611136,41
2018,430,0.6156606607509489,0.010229513225979831,0.14215249818063938,0.5121115090340912,1.4141879435387907,0.21566163957127185,43
2019,441,0.6191296236650408,0.011292927557784022,0.15975196416784776,0.5138340551376865,1.4800159921612832,0.22312080589657068,44
2020,451,0.6524177305174463,0.01553272676078939,0.227703871235776,0.5479811592831348,1.5805213492426167,0.23561021178641176,45
2021,459,0.651354543146591,0.016755678548219757,0.2426472321027416,0.5568027736962641,1.466153315531029,0.21856123193093857,45
2022,468,0.6271636279279162,0.012780598368416645,0.19544767094815654,0.5232145162613248,1.5189510267109863,0.22395711068175722,46
2023,476,0.6612258668633957,0.017428888556048378,0.2458690108665097,0.5705348847339823,1.2634861515210518,0.18429839674932574,47
2024,483,0.6957715173139551,0.02139149342784007,0.2849398313490905,0.6134923918075887,1.1958186520314737,0.1726015551630867,48
2025,488,0.7186008880124679,0.023407332380566054,0.30049960902075123,0.6375737163493168,1.141289908448081,0.16473100896647574,48
