spec,top_pct,n_top,n,coef,se,t,p,mean_BI_in_top,mean_BI_rest
BI_A,1%,44,3932,0.0006,0.0022,0.27,0.7879,0.053,-0.001
BI_A,2%,83,3932,0.0072,0.0051,1.4,0.1607,0.34,-0.007
BI_A,5%,200,3932,0.019,0.0096,1.97,0.0483,0.373,-0.02
BI_A,10%,396,3932,0.0412,0.0131,3.15,0.0016,0.408,-0.046
BI_A,25%,987,3932,0.0714,0.0179,3.98,0.0001,0.284,-0.095
BI_B,1%,30,2798,0.0001,0.0019,0.06,0.9559,0.01,-0.0
BI_B,2%,60,2798,0.0048,0.0055,0.87,0.3825,0.224,-0.005
BI_B,5%,144,2798,0.021,0.0093,2.26,0.0238,0.407,-0.022
BI_B,10%,285,2798,0.0432,0.0143,3.01,0.0026,0.422,-0.048
BI_B,25%,705,2798,0.094,0.0215,4.36,0.0,0.372,-0.125
