year,designs,fabricates,hyperscaler,rest of index
2008,0.10743801652892562,0.08674876861503471,0.053373718705614595,0.060754651776600097
2009,0.08624838052933556,0.10037498399845105,0.03164009986556558,0.05994688099270756
2010,0.022790267939636587,0.07955914419068698,0.033670274366269674,0.05836341800557722
2011,0.03885516271289104,0.14750146568307682,0.03126568370793375,0.06611469786363852
2012,0.045840496729066135,0.12514899225080217,0.05468278333697286,0.07113857030814381
2013,0.042145902034907104,0.08946606833645912,0.0631672290488639,0.06871407230641283
2014,0.04473892853097746,0.09310484248614614,0.05925139374171426,0.07270525515873483
2015,0.03931806494996242,0.1034345688104246,0.06720593673972039,0.07858616856165539
2016,0.03874541870361786,0.13417522093865022,0.08228089593491072,0.07311261075350457
2017,0.03374702784487775,0.10453280724691436,0.0971813872265197,0.0673364926970859
2018,0.026976831804209716,0.12035648000770537,0.15031261850573202,0.07497924920339286
2019,0.030886734396514043,0.1327779775909186,0.13179394998397015,0.07465824527440149
2020,0.03220828453797869,0.11726087809232015,0.13127837110071225,0.07053589337524371
2021,0.02758261613813408,0.13432902107144998,0.12613623139970148,0.06761677500828987
2022,0.03219197063086909,0.15338729455923364,0.15880502756108517,0.07302516614382613
2023,0.02303821954986524,0.1916346733824773,0.14464541638747136,0.07591826041562061
2024,0.020693515851835483,0.17404372751841823,0.1839501233281655,0.07348248403236357
2025,0.022406181482220112,0.14542429145107855,0.27676648487775746,0.07686044560617433
