year,hyperscalers,Utilities,Real Estate,Energy,Communication Services,Information Technology,Industrials
2008,0.053373718705614595,0.16708714109018274,0.06698200248564729,0.186259135586287,0.11696627384270135,0.056692518285473316,0.04251442712748024
2009,0.03164009986556558,0.1771470826120272,0.05988158132674643,0.18940663945906172,0.10092115966736918,0.057644304033645406,0.04501924265936401
2010,0.033670274366269674,0.1738628488933204,0.16938945958831086,0.17094922654007688,0.10794681429705849,0.0508758113482311,0.04220714459236594
2011,0.03126568370793375,0.19141177724544114,0.10485184488896869,0.17223758228295874,0.1034019206602549,0.06700375572478137,0.0496967369360844
2012,0.05468278333697286,0.22041532077526457,0.10443199777637457,0.1999572112202534,0.09990183775045999,0.05485392716784926,0.05022068900979104
2013,0.0631672290488639,0.22592182488891047,0.10584561523079494,0.17769716193925147,0.09182861173923455,0.04836117127619815,0.04763681175937615
2014,0.05925139374171426,0.22616326846941368,0.11045756124909324,0.21487011483422816,0.09065224667884052,0.0481418044992431,0.046891959057680635
2015,0.06720593673972039,0.2644492936172509,0.11062467837353755,0.1997249583752689,0.0848582931624367,0.05262074544034204,0.05290563797840935
2016,0.08228089593491072,0.3051600779450298,0.13626250459651038,0.12650937428666342,0.08278250561346669,0.056976581554504954,0.04937192822352733
2017,0.0971813872265197,0.2977730742193067,0.09155437793865664,0.14981010531523486,0.08561899848519297,0.049406292762106827,0.0468355064823436
2018,0.15031261850573202,0.318476525294553,0.15849066926706032,0.13758604245791425,0.09909099125463446,0.05108190317469622,0.049064919954429
2019,0.13179394998397015,0.321641085588227,0.14479066007201163,0.13878768766095753,0.08202068221088153,0.05288610002903711,0.05143595131824578
2020,0.13127837110071225,0.3394962640837476,0.2117883820727935,0.10448726148528986,0.07618464900424478,0.05035732188267909,0.04365944858669622
2021,0.12613623139970148,0.3239944087093283,0.26815413242661423,0.06636012656992947,0.076727221944848,0.05080523527087404,0.0413417029262389
2022,0.15880502756108517,0.3440757074913123,0.19016508807611313,0.07667539475020788,0.08449874670937911,0.06151715381099417,0.04501556815826554
2023,0.14464541638747136,0.37608846561448916,0.2147746238056168,0.13460372307410148,0.06875560868601888,0.06635746024061993,0.044642714303079076
2024,0.1839501233281655,0.37292707023714156,0.2504303333660051,0.141740632875046,0.07532973964650322,0.059969663084287764,0.0417472523556059
2025,0.27676648487775746,0.39845404145956015,0.2710180867088519,0.15534703745926137,0.09288368269891353,0.05919785988382191,0.04116695004427782
