year,ticker,sector,capex,revenue,rev_median,ci
2008,AIG,Financials,1023000000.0,-6840000000.0,50901500000.0,-0.14956140350877192
2008,ECL,Materials,326700000.0,6137500000.0,12942450000.0,0.05323014256619145
2008,CVS,Health Care,2180000000.0,87472000000.0,181145500000.0,0.024922260837753795
2008,SJM,Consumer Staples,108907000.0,3757933000.0,7596650000.0,0.028980559259571683
2008,SWK,Industrials,94600000.0,4426200000.0,12171750000.0,0.02137273507749311
2008,JEF,,76066000.0,490540000.0,5048906000.0,0.1550658458025849
2008,TER,Information Technology,87202000.0,1107042000.0,2676298000.0,0.07877027249191991
2008,KLAC,Information Technology,22226000.0,1520216000.0,3758357500.0,0.014620290800780941
2008,AAPL,Information Technology,1091000000.0,37491000000.0,231474500000.0,0.029100317409511616
2008,PNC,Financials,,6296000000.0,16209000000.0,
2008,UNH,Health Care,791000000.0,81186000000.0,192999500000.0,0.009743059148128988
2008,QCOM,Information Technology,1397000000.0,11142000000.0,23913500000.0,0.12538143959791778
2008,APH,Information Technology,108280000.0,3236471000.0,6648850000.0,0.033456193489760915
2008,MCHP,Information Technology,21600000.0,903297000.0,3694300000.0,0.023912400904685834
2008,SBUX,Consumer Discretionary,984500000.0,10383000000.0,21851350000.0,0.09481845324087451
2008,BIIB,Health Care,275954000.0,4097507000.0,9863100000.0,0.06734680380045721
2008,GILD,Health Care,115005000.0,5335750000.0,24789500000.0,0.021553670992831373
2008,CB,Financials,,13632000000.0,31856000000.0,
2008,LH,Health Care,156700000.0,4505200000.0,9930450000.0,0.03478202965462133
2008,LEN,Consumer Discretionary,,4575417000.0,11798182000.0,
2008,VRSN,Information Technology,120990000.0,558896000.0,1153631000.0,0.21648034696974033
2008,AMZN,Consumer Discretionary,333000000.0,19166000000.0,156926500000.0,0.017374517374517374
2008,ISRG,Health Care,106000000.0,874900000.0,2922350000.0,0.12115670362327123
2008,NVDA,Information Technology,,3424859000.0,8312000000.0,
2008,CTSH,Information Technology,169410000.0,2816304000.0,14148500000.0,0.060153307313415026
2008,MCO,Financials,84400000.0,1755400000.0,3904150000.0,0.04808020963882876
2008,RSG,Industrials,386900000.0,3685100000.0,10149150000.0,0.10499036661148951
2008,AKAM,Information Technology,90369000.0,790924000.0,2418511500.0,0.11425750135284807
2008,CRM,Information Technology,61059000.0,1076769000.0,9488500000.0,0.05670575583063777
2008,TROW,Financials,144100000.0,2121300000.0,5617900000.0,0.06793004289822278
2008,CBRE,Real Estate,51471000.0,5128817000.0,17491255500.0,0.010035647596707
2008,MA,Financials,76000000.0,4992000000.0,11636500000.0,0.015224358974358974
2008,CMCSA,Communication Services,5750000000.0,34423000000.0,82716000000.0,0.1670394794178311
2008,EXPE,Consumer Discretionary,159827000.0,2937013000.0,7635158500.0,0.054418213334431954
2009,ADI,Information Technology,56095000.0,2014908000.0,4340723000.0,0.027839980783241715
2009,AMAT,Information Technology,249000000.0,5014000000.0,12716500000.0,0.04966094934184284
2009,TAP,Consumer Staples,158800000.0,3032400000.0,8384600000.0,0.05236776150903575
2009,ECL,Materials,252500000.0,5900600000.0,12942450000.0,0.042792258414398536
2009,PCAR,Industrials,127700000.0,8086500000.0,19056050000.0,0.015791751684906943
2009,SWK,Industrials,93400000.0,3682600000.0,12171750000.0,0.025362515613968392
2009,JEF,,23566000.0,575208000.0,5048906000.0,0.04096952754481857
2009,TER,Information Technology,41306000.0,777425000.0,2676298000.0,0.05313181335820175
2009,KLAC,Information Technology,30202000.0,1820760000.0,3758357500.0,0.016587578813242822
2009,AAPL,Information Technology,1144000000.0,42905000000.0,231474500000.0,0.026663559025754575
2009,MU,Information Technology,488000000.0,4803000000.0,16358000000.0,0.1016031646887362
2009,UNH,Health Care,739000000.0,87138000000.0,192999500000.0,0.008480800569212054
2009,VTR,Real Estate,13798000.0,936094000.0,3574149000.0,0.014739972695049857
2009,WELL,Real Estate,,523288000.0,4173711000.0,
2009,ADBE,Information Technology,119592000.0,2945853000.0,6577967500.0,0.040596730386750456
2009,QCOM,Information Technology,761000000.0,10387000000.0,23913500000.0,0.07326465774525849
2009,FAST,Industrials,52538000.0,1930330000.0,4176250000.0,0.027217107955634527
2009,APH,Information Technology,63058000.0,2820065000.0,6648850000.0,0.022360477506724135
2009,EOG,Energy,,4786959000.0,13084877000.0,
2009,MCHP,Information Technology,15439000.0,947729000.0,3694300000.0,0.016290521868593238
2009,SBUX,Consumer Discretionary,445600000.0,9774600000.0,21851350000.0,0.04558754322427516
2009,BIIB,Health Care,165646000.0,4377348000.0,9863100000.0,0.03784163379288099
2009,GILD,Health Care,230057000.0,7011383000.0,24789500000.0,0.032811928830588775
2009,DHI,Consumer Discretionary,6200000.0,3657600000.0,14091000000.0,0.001695100612423447
2009,CB,Financials,,15075000000.0,31856000000.0,
2009,EMN,,310000000.0,4396000000.0,9241500000.0,0.0705186533212011
2009,LH,Health Care,114700000.0,4694700000.0,9930450000.0,0.02443180607919569
2009,LEN,Consumer Discretionary,,3119387000.0,11798182000.0,
2009,AMZN,Consumer Discretionary,373000000.0,24509000000.0,156926500000.0,0.0152188991798931
2009,ISRG,Health Care,53400000.0,1052200000.0,2922350000.0,0.0507508078312108
2009,NVDA,Information Technology,77601000.0,3326445000.0,8312000000.0,0.02332850836253117
2009,CTSH,Information Technology,76639000.0,3278663000.0,14148500000.0,0.02337507697497425
2009,MCO,Financials,90700000.0,1797200000.0,3904150000.0,0.050467393723569995
2009,BKNG,Consumer Discretionary,15106000.0,2338212000.0,10743000000.0,0.006460492034084163
2009,AKAM,Information Technology,80918000.0,859773000.0,2418511500.0,0.09411553979945869
2009,CRM,Information Technology,49501000.0,1305583000.0,9488500000.0,0.03791486255565521
2009,TROW,Financials,133900000.0,1871900000.0,5617900000.0,0.0715315989101982
2009,CBRE,Real Estate,28200000.0,4165820000.0,17491255500.0,0.00676937553710914
2009,MA,Financials,57000000.0,5099000000.0,11636500000.0,0.011178662482839772
2009,CMCSA,Communication Services,5117000000.0,35756000000.0,82716000000.0,0.14310884886452624
2009,TMUS,Communication Services,831674000.0,3480515000.0,68397000000.0,0.23895141954567067
2009,EXPE,Consumer Discretionary,78842000.0,2743051000.0,7635158500.0,0.028742447734292947
2009,V,Financials,306000000.0,6911000000.0,18358000000.0,0.04427723918390971
2010,TAP,Consumer Staples,177900000.0,3254400000.0,8384600000.0,0.05466445427728613
2010,ECL,Materials,260500000.0,6089700000.0,12942450000.0,0.04277714829958783
2010,JEF,,44344000.0,1203444000.0,5048906000.0,0.03684758077650477
2010,AAPL,Information Technology,2005000000.0,65225000000.0,231474500000.0,0.030739747029513223
2010,UNH,Health Care,878000000.0,94155000000.0,192999500000.0,0.009325049121130052
2010,VTR,Real Estate,18193000.0,1008751000.0,3574149000.0,0.018035174190657557
2010,WELL,Real Estate,,657297000.0,4173711000.0,
2010,QCOM,Information Technology,426000000.0,10982000000.0,23913500000.0,0.03879074849754143
2010,EOG,Energy,,6099896000.0,13084877000.0,
2010,MCHP,Information Technology,16567000.0,1487205000.0,3694300000.0,0.011139688207073
2010,SBUX,Consumer Discretionary,440700000.0,10707400000.0,21851350000.0,0.041158451164615126
2010,BIIB,Health Care,173055000.0,4716423000.0,9863100000.0,0.036692001544390736
2010,GILD,Health Care,61884000.0,7949420000.0,24789500000.0,0.007784718885151369
2010,DHI,Consumer Discretionary,19200000.0,4400200000.0,14091000000.0,0.004363438025544293
2010,LEN,Consumer Discretionary,,3074022000.0,11798182000.0,
2010,AMZN,Consumer Discretionary,979000000.0,34204000000.0,156926500000.0,0.028622383346976962
2010,ISRG,Health Care,96000000.0,1413000000.0,2922350000.0,0.06794055201698514
2010,NVDA,Information Technology,97890000.0,3543309000.0,8312000000.0,0.02762671841490539
2010,FFIV,Information Technology,12625000.0,881972000.0,2125724000.0,0.014314513385912478
2010,CTSH,Information Technology,185512000.0,4592389000.0,14148500000.0,0.0403955326955099
2010,NFLX,Communication Services,33837000.0,2162625000.0,13743527000.0,0.01564626322177909
2010,BKNG,Consumer Discretionary,22593000.0,3084905000.0,10743000000.0,0.007323726338412366
2010,AKAM,Information Technology,159276000.0,1023586000.0,2418511500.0,0.15560587972090278
2010,CRM,Information Technology,90887000.0,1657139000.0,9488500000.0,0.05484573110644309
2010,TROW,Financials,118000000.0,2370700000.0,5617900000.0,0.04977432825747669
2010,CBRE,Real Estate,68464000.0,5115316000.0,17491255500.0,0.013384119377962182
2010,MA,Financials,61000000.0,5539000000.0,11636500000.0,0.011012818198230728
2010,CMCSA,Communication Services,4961000000.0,37937000000.0,82716000000.0,0.13076943353454412
2010,TMUS,Communication Services,790385000.0,4069353000.0,68397000000.0,0.19422866485163612
2010,EXPE,Consumer Discretionary,136376000.0,3033645000.0,7635158500.0,0.044954501927549205
2010,V,Financials,241000000.0,8065000000.0,18358000000.0,0.029882207067575946
2011,STZ,Consumer Staples,68400000.0,2979100000.0,7450700000.0,0.02295995434862878
2011,CAG,,336700000.0,1600000000.0,11119550000.0,0.2104375
2011,TAP,Consumer Staples,235400000.0,3515700000.0,8384600000.0,0.06695679381062093
2011,FLS,,107967000.0,0.0,3728134000.0,inf
2011,HSY,Consumer Staples,323961000.0,1400000000.0,7477803500.0,0.2314007142857143
2011,PG,Consumer Staples,3964000000.0,28400000000.0,73534000000.0,0.1395774647887324
2011,JEF,,38586000.0,642631000.0,5048906000.0,0.06004378873723801
2011,AAPL,Information Technology,4260000000.0,108249000000.0,231474500000.0,0.039353712274478286
2011,VTR,Real Estate,50473000.0,1764991000.0,3574149000.0,0.028596746385675623
2011,WELL,Real Estate,,1421162000.0,4173711000.0,
2011,MCHP,Information Technology,5818000.0,1383176000.0,3694300000.0,0.004206261531432009
2011,GILD,Health Care,131904000.0,8385385000.0,24789500000.0,0.0157302258632132
2011,DHI,Consumer Discretionary,16300000.0,3636800000.0,14091000000.0,0.0044819621645402555
2011,LEN,Consumer Discretionary,,3095385000.0,11798182000.0,
2011,DLTR,Consumer Staples,250100000.0,6630500000.0,17565800000.0,0.037719628987255865
2011,AMZN,Consumer Discretionary,1811000000.0,48077000000.0,156926500000.0,0.03766873973001643
2011,NVDA,Information Technology,138735000.0,3997930000.0,8312000000.0,0.03470170813395932
2011,CTSH,Information Technology,288221000.0,6121156000.0,14148500000.0,0.04708604061062976
2011,NFLX,Communication Services,49682000.0,3204577000.0,13743527000.0,0.015503450221355268
2011,BKNG,Consumer Discretionary,46833000.0,4355610000.0,10743000000.0,0.01075234008554485
2011,AKAM,Information Technology,133445000.0,1158538000.0,2418511500.0,0.11518396461747478
2011,EW,Health Care,76600000.0,1678600000.0,3722800000.0,0.045633265816752054
2011,CRM,Information Technology,151645000.0,2266539000.0,9488500000.0,0.06690597426296216
2011,CBRE,Real Estate,147980000.0,5905411000.0,17491255500.0,0.025058374429823768
2011,TMUS,Communication Services,889769000.0,20618000000.0,68397000000.0,0.043154961683965466
2011,EXPE,Consumer Discretionary,207837000.0,3449009000.0,7635158500.0,0.06025991813880451
2011,LDOS,Industrials,56000000.0,5836000000.0,12197000000.0,0.009595613433858808
2011,TRIP,,21323000.0,637063000.0,1363000000.0,0.033470787033621476
2011,ETN,Industrials,568000000.0,0.0,19687500000.0,inf
2011,ICE,Financials,57000000.0,1327000000.0,6276000000.0,0.04295403165033911
2012,STZ,Consumer Staples,62100000.0,3171400000.0,7450700000.0,0.019581257488806205
2012,CAG,,422600000.0,1700000000.0,11119550000.0,0.24858823529411764
2012,FLS,,135539000.0,0.0,3728134000.0,inf
2012,HSY,Consumer Staples,258727000.0,1500000000.0,7477803500.0,0.17248466666666668
2012,PG,Consumer Staples,4008000000.0,29200000000.0,73534000000.0,0.13726027397260274
2012,LRCX,Information Technology,160795000.0,3598916000.0,10560867000.0,0.044678731040124306
2012,WELL,Real Estate,,1805044000.0,4173711000.0,
2012,MCHP,Information Technology,4730000.0,1581623000.0,3694300000.0,0.002990598897461658
2012,GILD,Health Care,397000000.0,9702517000.0,24789500000.0,0.04091721766630246
2012,DHI,Consumer Discretionary,33600000.0,4354000000.0,14091000000.0,0.0077170418006430866
2012,LEN,Consumer Discretionary,,4105132000.0,11798182000.0,
2012,DLTR,Consumer Staples,312200000.0,7394500000.0,17565800000.0,0.04222056934207857
2012,AMZN,Consumer Discretionary,3785000000.0,61093000000.0,156926500000.0,0.06195472476388457
2012,NFLX,Communication Services,40278000.0,3609282000.0,13743527000.0,0.011159560267111297
2012,BKNG,Consumer Discretionary,55158000.0,5260956000.0,10743000000.0,0.010484406256201345
2012,CRM,Information Technology,175601000.0,3050195000.0,9488500000.0,0.057570417629036835
2012,CBRE,Real Estate,150232000.0,6514099000.0,17491255500.0,0.023062590851014086
2012,TMUS,Communication Services,2901000000.0,19719000000.0,68397000000.0,0.14711699376236118
2012,ETN,Industrials,593000000.0,0.0,19687500000.0,inf
2012,ICE,Financials,32000000.0,1363000000.0,6276000000.0,0.02347762289068232
2012,PRGO,,104100000.0,800000.0,4088200000.0,130.125
2013,CAG,,461100000.0,1700000000.0,11119550000.0,0.2712352941176471
2013,FLS,,139090000.0,0.0,3728134000.0,inf
2013,HAS,Consumer Discretionary,112031000.0,1872980000.0,4432617500.0,0.059814306612991065
2013,HSY,Consumer Staples,323551000.0,1800000000.0,7477803500.0,0.17975055555555555
2013,PG,Consumer Staples,3848000000.0,29400000000.0,73534000000.0,0.1308843537414966
2013,LRCX,Information Technology,145503000.0,4607309000.0,10560867000.0,0.03158090764044695
2013,XRAY,,100300000.0,0.0,3133714500.0,inf
2013,JCI,Industrials,269000000.0,10058000000.0,20737000000.0,0.02674487969775303
2013,MHK,,366550000.0,-106660000.0,9970672000.0,-3.436621038814926
2013,REGN,Health Care,156323000.0,2104745000.0,6557600000.0,0.0742717051234235
2013,VRTX,Health Care,51393000.0,1211975000.0,4162800000.0,0.042404340023515334
2013,GILD,Health Care,134000000.0,11202000000.0,24789500000.0,0.011962149616139974
2013,DHI,Consumer Discretionary,58000000.0,6259300000.0,14091000000.0,0.00926621187672743
2013,DLTR,Consumer Staples,330100000.0,7840300000.0,17565800000.0,0.0421029807532875
2013,AMZN,Consumer Discretionary,3444000000.0,74452000000.0,156926500000.0,0.04625799172621286
2013,NVDA,Information Technology,,4130000000.0,8312000000.0,
2013,NFLX,Communication Services,54143000.0,4374562000.0,13743527000.0,0.012376781949827206
2013,CRM,Information Technology,299110000.0,4071003000.0,9488500000.0,0.0734732939278109
2013,CBRE,Real Estate,156358000.0,7184794000.0,17491255500.0,0.021762349762568002
2013,ETN,Industrials,614000000.0,0.0,19687500000.0,inf
2013,ICE,Financials,134000000.0,1730000000.0,6276000000.0,0.07745664739884393
2013,GOOGL,Communication Services,7358000000.0,55519000000.0,161857000000.0,0.13253120553324088
2014,CAG,,236500000.0,1600000000.0,11119550000.0,0.1478125
2014,FLS,,132619000.0,0.0,3728134000.0,inf
2014,HAS,Consumer Discretionary,113388000.0,2022997000.0,4432617500.0,0.056049514655731075
2014,LRCX,Information Technology,198265000.0,5259312000.0,10560867000.0,0.037697896607008674
2014,XRAY,,99600000.0,0.0,3133714500.0,inf
2014,JCI,Industrials,1199000000.0,10332000000.0,20737000000.0,0.11604723190089043
2014,MHK,,561804000.0,-116348000.0,9970672000.0,-4.828651975109155
2014,REGN,Health Care,333006000.0,2819557000.0,6557600000.0,0.11810578754038312
2014,VRTX,Health Care,51201000.0,580415000.0,4162800000.0,0.08821446723465107
2014,DLTR,Consumer Staples,325600000.0,8602200000.0,17565800000.0,0.03785078235800144
2014,NFLX,Communication Services,69726000.0,5504656000.0,13743527000.0,0.012666731581410354
2014,ETN,Industrials,632000000.0,0.0,19687500000.0,inf
2014,GOOGL,Communication Services,11014000000.0,66001000000.0,161857000000.0,0.16687625945061438
2015,CAG,,277500000.0,1500000000.0,11119550000.0,0.185
2015,TAP,Consumer Staples,275000000.0,3567500000.0,8384600000.0,0.07708479327259986
2015,FLS,,181861000.0,0.0,3728134000.0,inf
2015,HAS,Consumer Discretionary,142022000.0,1971875000.0,4432617500.0,0.07202383518225039
2015,XRAY,,72000000.0,0.0,3133714500.0,inf
2015,JCI,Industrials,1135000000.0,9902000000.0,20737000000.0,0.1146233084225409
2015,VRTX,Health Care,45302000.0,1032336000.0,4162800000.0,0.04388299933355032
2015,NFLX,Communication Services,91248000.0,6779511000.0,13743527000.0,0.013459377822382764
2015,EQIX,Real Estate,868120000.0,2725867000.0,5998545000.0,0.31847481920431187
2015,ETN,Industrials,506000000.0,0.0,19687500000.0,inf
2015,PYPL,Financials,722000000.0,9248000000.0,21454000000.0,0.07807093425605537
2015,GOOGL,Communication Services,9950000000.0,74989000000.0,161857000000.0,0.13268612729867046
2016,EQT,Energy,942810000.0,1387054000.0,5159038500.0,0.6797211932628434
2016,HUM,Health Care,527000000.0,969000000.0,5304500000.0,0.543859649122807
2016,LHX,Industrials,119000000.0,5897000000.0,17062000000.0,0.020179752416482958
2016,MUR,,926948000.0,1862891000.0,5390089000.0,0.49758574173153447
2016,VRTX,Health Care,56563000.0,1702177000.0,4162800000.0,0.03322979925119421
2016,SLG,,411950000.0,196858000.0,624801000.0,2.0926251409645533
2016,CCI,Real Estate,874000000.0,688000000.0,645500000.0,1.2703488372093024
2016,CNC,Health Care,306000000.0,37579000000.0,110891500000.0,0.008142845738311292
2016,DVN,Energy,849000000.0,2772000000.0,10921000000.0,0.30627705627705626
2016,BBT,,9101000.0,43757000.0,124510500.0,0.20798957881024752
2016,EXC,Utilities,8553000000.0,48000000.0,19070500000.0,178.1875
2016,GPN,Financials,,3370976000.0,7401671000.0,
2016,COP,Energy,4869000000.0,23693000000.0,50621000000.0,0.2055037352804626
2016,META,Communication Services,4491000000.0,27638000000.0,101287000000.0,0.16249366813807078
2016,CI,Health Care,461000000.0,39838000000.0,167235000000.0,0.011571866057533008
2017,HUM,Health Care,524000000.0,982000000.0,5304500000.0,0.5336048879837068
2017,LHX,Industrials,136000000.0,6168000000.0,17062000000.0,0.02204928664072633
2017,HIG,Financials,250000000.0,1253000000.0,5394000000.0,0.19952114924181963
2017,KIM,Real Estate,,17049000.0,820641500.0,
2017,SBAC,Real Estate,147044000.0,104501000.0,153787000.0,1.4071061520942383
2017,SLG,,336001000.0,172939000.0,624801000.0,1.9428873764737855
2017,CNC,Health Care,422000000.0,45620000000.0,110891500000.0,0.00925032880315651
2017,DVN,Energy,44000000.0,3513000000.0,10921000000.0,0.012524907486478793
2017,ALGN,Health Care,195695000.0,1473413000.0,3734635000.0,0.1328174788738799
2017,BBT,,11256000.0,44954000.0,124510500.0,0.2503892868265338
2017,EXC,Utilities,7584000000.0,207000000.0,19070500000.0,36.63768115942029
2017,META,Communication Services,6733000000.0,40653000000.0,101287000000.0,0.1656212333653113
2017,CI,Health Care,471000000.0,41806000000.0,167235000000.0,0.011266325407836196
2018,HUM,Health Care,612000000.0,1457000000.0,5304500000.0,0.4200411805078929
2018,LNC,,,1343000000.0,13330000000.0,
2018,LHX,Industrials,161000000.0,6801000000.0,17062000000.0,0.02367298926628437
2018,HIG,Financials,122000000.0,1418000000.0,5394000000.0,0.08603667136812412
2018,KIM,Real Estate,,15159000.0,820641500.0,
2018,AIV,,,132163000.0,990108500.0,
2018,COF,Financials,874000000.0,3431000000.0,13438000000.0,0.2547362285048091
2018,IRM,Real Estate,460062000.0,1603306000.0,4319400500.0,0.2869458481412781
2018,SBAC,Real Estate,149812000.0,125261000.0,153787000.0,1.1959987546003943
2018,SLG,,254460000.0,113596000.0,624801000.0,2.2400436635092786
2018,CCI,Real Estate,1739000000.0,574000000.0,645500000.0,3.029616724738676
2018,AMT,Real Estate,913200000.0,491300000.0,1658809000.0,1.8587421127620598
2018,MET,Financials,,1256000000.0,45819500000.0,
2018,BBT,,9349000.0,48653000.0,124510500.0,0.19215670153947342
2018,EXC,Utilities,7594000000.0,-62000000.0,19070500000.0,-122.48387096774194
2018,GPN,Financials,213290000.0,3366366000.0,7401671000.0,0.06335912375540866
2018,FTNT,Information Technology,53000000.0,1804600000.0,3879800000.0,0.029369389338357532
2018,FANG,Energy,,2130000000.0,7579500000.0,
2018,LIN,Materials,1883000000.0,14836000000.0,31823500000.0,0.12692100296575898
2018,CI,Health Care,528000000.0,48650000000.0,167235000000.0,0.010853031860226105
2019,HUM,Health Care,736000000.0,1439000000.0,5304500000.0,0.5114662960389159
2019,DOC,Real Estate,677274000.0,144327000.0,494935000.0,4.692635473612006
2019,HIG,Financials,105000000.0,1404000000.0,5394000000.0,0.07478632478632478
2019,KIM,Real Estate,,16550000.0,820641500.0,
2019,AIV,,,143692000.0,990108500.0,
2019,COF,Financials,887000000.0,3820000000.0,13438000000.0,0.23219895287958114
2019,IRM,Real Estate,692983000.0,1581497000.0,4319400500.0,0.43818167217516063
2019,SBAC,Real Estate,154236000.0,153787000.0,153787000.0,1.0029196225948878
2019,CCI,Real Estate,2057000000.0,670000000.0,645500000.0,3.0701492537313433
2019,AMT,Real Estate,991300000.0,527200000.0,1658809000.0,1.880311077389985
2019,MET,Financials,,1289000000.0,45819500000.0,
2019,NOW,Information Technology,265000000.0,3460000000.0,7245000000.0,0.07658959537572255
2020,AAL,,1958000000.0,17337000000.0,42622000000.0,0.11293764780527196
2020,DAL,Industrials,1899000000.0,17095000000.0,41138000000.0,0.11108511260602516
2020,HUM,Health Care,964000000.0,1815000000.0,5304500000.0,0.531129476584022
2020,LUV,Industrials,515000000.0,9048000000.0,19212500000.0,0.056918656056587094
2020,UAL,Industrials,1727000000.0,15355000000.0,41303000000.0,0.11247150765223055
2020,DOC,Real Estate,788895000.0,436494000.0,494935000.0,1.8073444308512832
2020,ALK,,222000000.0,3566000000.0,7894000000.0,0.062254627033090294
2020,MGM,Consumer Discretionary,270579000.0,5162082000.0,12899672000.0,0.05241664119244909
2020,CCL,Consumer Discretionary,3620000000.0,5595000000.0,16136500000.0,0.6470062555853441
2020,HIG,Financials,114000000.0,1360000000.0,5394000000.0,0.0838235294117647
2020,KIM,Real Estate,,13005000.0,820641500.0,
2020,RCL,Consumer Discretionary,1965131000.0,2208805000.0,8808922500.0,0.8896806191583232
2020,COF,Financials,710000000.0,3737000000.0,13438000000.0,0.18999197217018998
2020,NOV,,226000000.0,6090000000.0,12712000000.0,0.03711001642036125
2020,CCI,Real Estate,1624000000.0,520000000.0,645500000.0,3.123076923076923
2020,AMT,Real Estate,1031700000.0,495700000.0,1658809000.0,2.0812991728868266
2020,HST,Real Estate,,1620000000.0,5238500000.0,
2020,DVN,Energy,1153000000.0,4673000000.0,10921000000.0,0.2467365717954205
2020,CHTR,Communication Services,7415000000.0,1100000000.0,1100000000.0,6.740909090909091
2020,MET,Financials,,1354000000.0,45819500000.0,
2020,COP,Energy,4715000000.0,18784000000.0,50621000000.0,0.25101149914821125
2020,WYNN,Consumer Discretionary,290115000.0,2095861000.0,5212038000.0,0.13842282479611004
2020,LVS,Consumer Discretionary,1227000000.0,2940000000.0,10372000000.0,0.4173469387755102
2020,TSLA,Consumer Discretionary,3157000000.0,31536000000.0,88144500000.0,0.1001078132927448
2020,LYV,Communication Services,213746000.0,1861178000.0,16681254000.0,0.11484446947041067
2020,NCLH,Consumer Discretionary,946545000.0,1279908000.0,6055126000.0,0.7395414357906974
2020,FANG,Energy,,2756000000.0,7579500000.0,
2020,HLT,Consumer Discretionary,46000000.0,4307000000.0,8906000000.0,0.01068028790341305
2021,DOC,Real Estate,759720000.0,471325000.0,494935000.0,1.6118813981859652
2021,CCL,Consumer Discretionary,3607000000.0,1908000000.0,16136500000.0,1.890461215932914
2021,HIG,Financials,133000000.0,1569000000.0,5394000000.0,0.08476736775015933
2021,KIM,Real Estate,,14883000.0,820641500.0,
2021,RCL,Consumer Discretionary,2230000000.0,1532000000.0,8808922500.0,1.4556135770234986
2021,COF,Financials,698000000.0,4780000000.0,13438000000.0,0.14602510460251045
2021,CCI,Real Estate,1229000000.0,621000000.0,645500000.0,1.9790660225442833
2021,AMT,Real Estate,1376700000.0,717200000.0,1658809000.0,1.919548243167875
2021,URI,Industrials,3198000000.0,2256000000.0,3641500000.0,1.4175531914893618
2021,CHTR,Communication Services,7635000000.0,1100000000.0,1100000000.0,6.9409090909090905
2021,MET,Financials,,2074000000.0,45819500000.0,
2021,LVS,Consumer Discretionary,828000000.0,4234000000.0,10372000000.0,0.19555975436939066
2021,LYV,Communication Services,152734000.0,6268447000.0,16681254000.0,0.02436552466663593
2021,NCLH,Consumer Discretionary,752843000.0,647986000.0,6055126000.0,1.161819854132651
2022,ADM,Consumer Staples,1319000000.0,27606000000.0,64505500000.0,0.047779468231543866
2022,MTB,Financials,214000000.0,1525000000.0,4538434000.0,0.14032786885245901
2022,GE,Industrials,1371000000.0,29139000000.0,112255500000.0,0.047050344898589516
2022,WDC,Information Technology,821000000.0,6255000000.0,14062000000.0,0.13125499600319745
2022,DOC,Real Estate,961994000.0,494935000.0,494935000.0,1.943677452594785
2022,HIG,Financials,175000000.0,1423000000.0,5394000000.0,0.12297962052002812
2022,KIM,Real Estate,,16836000.0,820641500.0,
2022,COF,Financials,934000000.0,5417000000.0,13438000000.0,0.17242015875946096
2022,CCI,Real Estate,1310000000.0,697000000.0,645500000.0,1.87948350071736
2022,AMT,Real Estate,1873600000.0,840700000.0,1658809000.0,2.228619007969549
2022,URI,Industrials,3690000000.0,2501000000.0,3641500000.0,1.4754098360655739
2022,CHTR,Communication Services,9376000000.0,1100000000.0,1100000000.0,8.523636363636363
2022,MET,Financials,,2110000000.0,45819500000.0,
2022,EXR,Real Estate,1193261000.0,83904000.0,59196500.0,14.221741514111365
2022,LVS,Consumer Discretionary,651000000.0,4110000000.0,10372000000.0,0.1583941605839416
2023,ADM,Consumer Staples,1494000000.0,25691000000.0,64505500000.0,0.058152660464754195
2023,MTB,Financials,256000000.0,1484000000.0,4538434000.0,0.1725067385444744
2023,GE,Industrials,862000000.0,35348000000.0,112255500000.0,0.024386103881407717
2023,WDC,Information Technology,487000000.0,6317000000.0,14062000000.0,0.0770935570682286
2023,DOC,Real Estate,774561000.0,527417000.0,494935000.0,1.4685931625260467
2023,HIG,Financials,215000000.0,1382000000.0,5394000000.0,0.15557163531114326
2023,COF,Financials,961000000.0,5645000000.0,13438000000.0,0.17023914968999115
2023,SBAC,Real Estate,236698000.0,194649000.0,153787000.0,1.216024741971446
2023,AMT,Real Estate,1798100000.0,747300000.0,1658809000.0,2.4061287300950087
2023,URI,Industrials,3864000000.0,3395000000.0,3641500000.0,1.1381443298969072
2023,CHTR,Communication Services,11115000000.0,993000000.0,1100000000.0,11.193353474320242
2023,MET,Financials,,2229000000.0,45819500000.0,
2023,EXR,Real Estate,135577000.0,101986000.0,59196500.0,1.3293687368854548
2024,ADM,Consumer Staples,1563000000.0,24373000000.0,64505500000.0,0.06412833873548598
2024,MTB,Financials,,1541000000.0,4538434000.0,
2024,GE,Industrials,1032000000.0,38702000000.0,112255500000.0,0.026665288615575423
2024,DOC,Real Estate,736763000.0,568475000.0,494935000.0,1.2960341263907824
2024,HIG,Financials,145000000.0,1458000000.0,5394000000.0,0.09945130315500686
2024,COF,Financials,1204000000.0,5915000000.0,13438000000.0,0.20355029585798817
2024,SBAC,Real Estate,228149000.0,152869000.0,153787000.0,1.4924477820879316
2024,CCI,Real Estate,176000000.0,192000000.0,645500000.0,0.9166666666666666
2024,AMT,Real Estate,1590000000.0,774600000.0,1658809000.0,2.0526723470178156
2024,URI,Industrials,4130000000.0,3588000000.0,3641500000.0,1.1510590858416945
2024,CHTR,Communication Services,11269000000.0,941000000.0,1100000000.0,11.975557917109459
2024,MET,Financials,,2245000000.0,45819500000.0,
2024,EXR,Real Estate,479059000.0,120855000.0,59196500.0,3.9639154358528814
2024,MRNA,Health Care,1051000000.0,3236000000.0,6848000000.0,0.3247836835599506
2025,ADM,Consumer Staples,1248000000.0,24956000000.0,64505500000.0,0.05000801410482449
2025,MTB,Financials,,1657000000.0,4538434000.0,
2025,GE,Industrials,1273000000.0,45855000000.0,112255500000.0,0.02776142187329626
2025,DOC,Real Estate,894949000.0,603989000.0,494935000.0,1.4817306275445414
2025,HIG,Financials,169000000.0,1506000000.0,5394000000.0,0.11221779548472775
2025,CCI,Real Estate,182000000.0,215000000.0,645500000.0,0.8465116279069768
2025,AMT,Real Estate,1680400000.0,935900000.0,1658809000.0,1.795490971257613
2025,CHTR,Communication Services,11659000000.0,889000000.0,1100000000.0,13.114735658042745
2025,MET,Financials,,2436000000.0,45819500000.0,
2025,EXR,Real Estate,561723000.0,129476000.0,59196500.0,4.338433377614384
2025,MRNA,Health Care,192000000.0,1944000000.0,6848000000.0,0.09876543209876543
