year,asset_light,asset_light_ex_lease,rou_share
2008,0.8972816935289872,0.8972816935289872,
2009,0.9049341202735196,0.9049341202735196,
2010,0.8914853716698765,0.8914853716698765,
2011,0.875089220555093,0.875089220555093,
2012,0.8574750512028323,0.8574750512028323,
2013,0.8286062513601309,0.8286062513601309,
2014,0.8094530242769041,0.8094530242769041,
2015,0.7938384687602019,0.7938384687602019,
2016,0.8048516431171411,0.8048516431171411,0.0
2017,0.788971758801541,0.7883343106351334,0.026187318226852888
2018,0.7490300961043005,0.7482756735401519,0.012914915317097292
2019,0.7545422142273336,0.7357528337617483,0.06198676854912916
2020,0.737428662007408,0.7175795773815107,0.060711823690195246
2021,0.7050089946157656,0.6793897946078842,0.06896825895515399
2022,0.6639810445164639,0.6342535184879124,0.0716395926040567
2023,0.6566358434514283,0.6296510489902436,0.0662771547466243
2024,0.6278720549847767,0.6020672158229238,0.06077517775646206
2025,0.5840615194388878,0.557945508870042,0.056652885703835504
