treatment,layer,share_2016,share_2025,change_pp
Apple and Tesla as other digital,compute equipment,0.35,1.0,0.65
Apple and Tesla as other digital,designs compute,1.23,11.5,10.28
Apple and Tesla as other digital,fabricates compute,1.75,1.55,-0.2
Apple and Tesla as other digital,not digital,73.05,48.02,-25.03
Apple and Tesla as other digital,operates compute,9.91,19.69,9.79
Apple and Tesla as other digital,other digital,13.72,18.23,4.51
Apple as a designer,compute equipment,0.35,1.0,0.65
Apple as a designer,designs compute,4.54,18.08,13.54
Apple as a designer,fabricates compute,1.75,1.55,-0.2
Apple as a designer,not digital,73.05,48.02,-25.03
Apple as a designer,operates compute,9.91,19.69,9.79
Apple as a designer,other digital,10.4,11.65,1.25
Apple and Tesla as designers,compute equipment,0.35,1.0,0.65
Apple and Tesla as designers,designs compute,4.54,20.52,15.98
Apple and Tesla as designers,fabricates compute,1.75,1.55,-0.2
Apple and Tesla as designers,not digital,73.05,48.02,-25.03
Apple and Tesla as designers,operates compute,9.91,19.69,9.79
Apple and Tesla as designers,other digital,10.4,9.21,-1.19
