firm_id,firm,share_2016,share_2025,contribution_pp
1045810,NVDA,0.30908051990760776,7.4041363456521445,7.095
1652044,GOOGL,2.9031260811629203,6.181796444568387,3.279
789019,MSFT,2.595654422212219,5.861762495644538,3.266
320193,AAPL,3.317833808633777,6.578709646039189,3.261
1318605,TSLA,0.0,2.4388829114953543,2.439
1730168,AVGO,0.4005487428304968,2.6757575426919207,2.275
1018724,AMZN,1.9141986829214148,4.023555970170867,2.109
59478,LLY,0.41523265570452716,1.5709365709680603,1.156
1326801,META,1.6429713026420059,2.7129684528914044,1.07
1321655,PLTR,0.0,0.6908174216270964,0.691
2488,AMD,0.0,0.568530755128537,0.569
101829,RTX,0.0,0.40096304328586646,0.401
723125,MU,0.12942130596847254,0.5238034803081708,0.394
1283699,TMUS,0.0,0.37260267120400326,0.373
1065280,NFLX,0.28542068539769727,0.6478274253194861,0.362
1707925,LIN,0.0,0.32602147095710887,0.326
1393818,BX,0.0,0.3084117017066593,0.308
104169,WMT,1.1411660353347683,1.4483981410473654,0.307
1996810,GEV,0.0,0.29011390519299207,0.29
1543151,UBER,0.0,0.2778552326083627,0.278
1596532,ANET,0.0,0.26905737891911774,0.269
707549,LRCX,0.09248862699621606,0.3519891931449595,0.26
1373715,NOW,0.0,0.25938289106590495,0.259
909832,COST,0.37755505302724385,0.6242667973599122,0.247
1141391,MA,0.5996135430950201,0.8415289574772974,0.242
1403161,V,0.8803960584309967,1.1036526798706712,0.223
1327567,PANW,0.0,0.2093497817501725,0.209
1035267,ISRG,0.13200775768915307,0.3310574585187506,0.199
319201,KLAC,0.06624748487678865,0.2609094210493446,0.195
1535527,CRWD,0.0,0.19269516982227067,0.193
1404912,KKR,0.0,0.19247156289177392,0.192
1868275,CEG,0.0,0.1799598578813774,0.18
1108524,CRM,0.24975975603338701,0.4112305993829114,0.161
1792789,DASH,0.0,0.15916799356958442,0.159
820313,APH,0.11136510451467986,0.2697336571856482,0.158
883241,SNPS,0.0,0.14653638345365197,0.147
6951,AMAT,0.18663664725681192,0.33383337692131526,0.147
18230,CAT,0.2914961461872259,0.4376190795997452,0.146
896878,INTU,0.15803439295314603,0.30071339361382554,0.143
1466258,TT,0.0,0.1412156905911824,0.141
813672,CDNS,0.0,0.13888708176414466,0.139
1571996,DELL,0.0,0.13756608669694875,0.138
1858681,APO,0.0,0.13700706654039824,0.137
1559720,ABNB,0.0,0.1354916713757736,0.135
4281,HWM,0.0,0.134558841277513,0.135
1551152,ABBV,0.546699687095329,0.6584888084165128,0.112
1585689,HLT,0.0,0.11016304591596965,0.11
64040,SPGI,0.14969011618422343,0.260158490530678,0.11
80661,PGR,0.11059541966790212,0.21766926323885452,0.107
1262039,FTNT,0.0,0.09922129851070069,0.099
1679788,COIN,0.0,0.09943520875137597,0.099
6281,ADI,0.12022746989589561,0.21653555284812404,0.096
1327811,WDAY,0.0,0.0935093875711888,0.094
875320,VRTX,0.09816480413097897,0.18953764768493106,0.091
1413447,NXPI,0.0,0.0892334937805376,0.089
1692819,VST,0.0,0.08913357578008892,0.089
874716,IDXX,0.0,0.0882577116138118,0.088
1140859,COR,0.022797096163418108,0.10683966721691186,0.084
1164727,NEM,0.09721762219317595,0.17884564247060167,0.082
76334,PH,0.100330513080217,0.18136815989313904,0.081
1561550,DDOG,0.0,0.0777600709170065,0.078
946581,TTWO,0.0,0.07714240732214951,0.077
1755672,CTVA,0.0,0.07422548733083181,0.074
1050915,PWR,0.028309191567750688,0.10262383122586895,0.074
766704,WELL,0.13376796911906852,0.20772235237611508,0.074
1069183,AXON,0.0,0.07356465792302076,0.074
1783180,CARR,0.0,0.07332534935729373,0.073
1701605,BKR,0.0,0.07327583849186074,0.073
1300514,LVS,0.0,0.07285771628141222,0.073
885725,BSX,0.15843974649298928,0.23048811085322052,0.072
1408198,MSCI,0.0,0.07237748951081345,0.072
1539838,FANG,0.0,0.0709616206273406,0.071
1280452,MPWR,0.0,0.07080269928145241,0.071
814547,FICO,0.0,0.06617188571641727,0.066
1389170,TRGP,0.0,0.06473994251340295,0.065
1512673,XYZ,0.0,0.06469905273829873,0.065
1478242,IQV,0.0,0.06259475583842054,0.063
1341439,ORCL,0.8499396653130171,0.9131445306810617,0.063
900075,CPRT,0.0,0.06179668665660379,0.062
1932393,GEHC,0.0,0.06106180810571232,0.061
943452,WAB,0.0,0.059502283009929234,0.06
354190,AJG,0.04971849732617012,0.10836800937600997,0.059
947484,ACGL,0.0,0.05837468221338533,0.058
723254,CTAS,0.06519193347467787,0.12357159765724209,0.058
1601046,KEYS,0.0,0.05692707950722631,0.057
943819,RMD,0.0,0.057330456672723046,0.057
97745,TMO,0.29943826203515855,0.35499039535136256,0.056
4962,AXP,0.3642493400996241,0.4197869243962084,0.056
1781335,OTIS,0.0,0.055901732806114865,0.056
1944048,KVUE,0.0,0.053890615887218656,0.054
1335258,LYV,0.0,0.0539565894152724,0.054
878927,ODFL,0.0,0.05373571836276707,0.054
1754301,FOXA,0.0,0.05289518748560609,0.053
1059556,MCO,0.09683158900961614,0.14940523867669253,0.053
720005,RJF,0.0,0.05221062067622171,0.052
1800,ABT,0.3038080284894809,0.3555742712909691,0.052
1699150,IR,0.0,0.05134169601686648,0.051
1260221,TDG,0.07135114822349738,0.12219371882378541,0.051
97210,TER,0.0,0.050206927840945374,0.05
1705696,VICI,0.0,0.04900794713663739,0.049
84839,ROL,0.0,0.047089827679667934,0.047
1057352,CSGP,0.0,0.04646887022234525,0.046
79282,BRO,0.0,0.04437091486865522,0.044
731802,ATO,0.0,0.044212063455696456,0.044
895126,EXE,0.0,0.04285961978963183,0.043
1374310,CBOE,0.0,0.042829233546917145,0.043
11544,WRB,0.0,0.04345100595174393,0.043
1383312,BR,0.0,0.042477537234449095,0.042
1093557,DXCM,0.0,0.04244045219370163,0.042
1045609,PLD,0.15193909259164362,0.1933563780007689,0.041
1757898,STE,0.0,0.0407152553848154,0.041
1022671,STLD,0.0,0.04067363931184919,0.041
898293,JBL,0.0,0.03972337311454088,0.04
1967680,VLTO,0.0,0.04039854146178225,0.04
1397187,LULU,0.0,0.040184775106068105,0.04
1094285,TDY,0.0,0.03910085196255323,0.039
1551182,ETN,0.16280342525977165,0.20218903748284706,0.039
1336920,LDOS,0.0,0.03774020568287186,0.038
48898,HUBB,0.0,0.038485846062017076,0.038
1067701,URI,0.04777225983755442,0.08491016747404756,0.037
895421,MS,0.42508759454340644,0.4621107879535606,0.037
1137789,STX,0.0603944504453801,0.09783625776987068,0.037
1097864,ON,0.0,0.036111396238168364,0.036
719955,WSM,0.0,0.03476493367573686,0.035
1175454,CPAY,0.0,0.034650440911986366,0.035
1034054,SBAC,0.0,0.03361091762601661,0.034
857005,PTC,0.0,0.033931498891089505,0.034
1145197,PODD,0.0,0.03262585492523617,0.033
2005951,SW,0.0,0.03292681800556311,0.033
906163,NVR,0.0,0.03285790467935618,0.033
879169,INCY,0.0,0.031618821553899314,0.032
105770,WST,0.0,0.03227712934991888,0.032
1811074,TPL,0.0,0.03228679456343583,0.032
860731,TYL,0.0,0.032023061062357236,0.032
1120193,NDAQ,0.059569718753364524,0.090878350318305,0.031
749251,IT,0.0,0.03115545688991148,0.031
1748790,AMCR,0.0,0.031392051883598324,0.031
860730,HCA,0.14734491383194118,0.17813143284944202,0.031
1671933,TTD,0.0,0.03026456426453245,0.03
864749,TRMB,0.0,0.03040252576579813,0.03
75677,PKG,0.0,0.030258128530473716,0.03
68505,MSI,0.07390285932956496,0.10413500718944202,0.03
884887,RCL,0.09457462424659928,0.12403252627910082,0.029
1402057,CDW,0.0,0.029107160851086573,0.029
315189,DE,0.17633525184858226,0.20531220571310352,0.029
1013871,NRG,0.020776047115075677,0.05022592390460628,0.029
1274494,FSLR,0.017936868029915547,0.04570943526206547,0.028
1069202,LII,0.0,0.02781111093349498,0.028
1375365,SMCI,0.0,0.02849221257833799,0.028
1687229,INVH,0.0,0.027778816429404923,0.028
1996862,BG,0.0,0.028086609879734076,0.028
1973266,TKO,0.0,0.027992045508426794,0.028
1609711,GDDY,0.0,0.028011849647376845,0.028
1751788,DOW,0.0,0.02709705559211043,0.027
1711269,EVRG,0.0,0.027211983888429766,0.027
927628,COF,0.22604171170248588,0.25273382023456886,0.027
849399,GEN,0.0,0.027342903077949027,0.027
910521,DECK,0.0,0.02507675442637883,0.025
2041610,PSKY,0.0,0.02410439240825922,0.024
922621,ERIE,0.0,0.024441035755785972,0.024
1286681,DPZ,0.0,0.023074093505392718,0.023
1792044,VTRS,0.0,0.02343694929543532,0.023
1095073,EG,0.0,0.023228454779964696,0.023
72331,NDSN,0.0,0.02188547342192661,0.022
832101,IEX,0.0,0.02184466273149768,0.022
779152,JKHY,0.0,0.021621799663121666,0.022
1138118,CBRE,0.05617523529671288,0.07802465192179579,0.022
1501585,HII,0.0,0.021760221705776257,0.022
1964738,SOLV,0.0,0.022411078564646296,0.022
1058090,CMG,0.05868323906126621,0.08089904079259572,0.022
910606,REG,0.0,0.020710959862363668,0.021
877212,ZBRA,0.0,0.020131870753380115,0.02
1682852,MRNA,0.0,0.018789087270955646,0.019
1352010,EPAM,0.0,0.018607190039629476,0.019
1316835,BLDR,0.0,0.01855248750569204,0.019
906345,CPT,0.0,0.019179803710199707,0.019
765880,DOC,0.0,0.018221729979101476,0.018
1013237,FDS,0.0,0.017889663968363778,0.018
1097149,ALGN,0.0,0.01845646114921592,0.018
1037868,AME,0.05991333961491299,0.07731889286672462,0.017
831259,FCX,0.10241946475555928,0.11892189062683617,0.017
1513761,NCLH,0.0,0.01656919460349175,0.017
109198,TJX,0.26311808481580495,0.2787666851118504,0.016
789570,MGM,0.0,0.016273896730624154,0.016
1100682,CRL,0.0,0.01600851737420449,0.016
91142,AOS,0.0,0.015281858800830146,0.015
842023,TECH,0.0,0.014941842743798533,0.015
1179929,MOH,0.0,0.015337302331957025,0.015
1590955,PAYC,0.0,0.014618502055463846,0.015
316709,SCHW,0.28109831820064113,0.2957251025433444,0.015
945841,POOL,0.0,0.0139196934785292,0.014
882184,DHI,0.054798314424798114,0.06859239286294815,0.014
1035443,ARE,0.0,0.013791794655038282,0.014
769397,ADSK,0.08848820858252827,0.10281017926189709,0.014
891103,MTCH,0.0,0.012669333616493212,0.013
1474735,GNRC,0.0,0.0130493577493365,0.013
1121788,GRMN,0.051478204357613216,0.0636710796192452,0.012
1278021,MKTX,0.0,0.01104279108204408,0.011
1140536,WTW,0.04196096018877971,0.052268016178563075,0.01
1039684,OKE,0.06497957124163332,0.07547615278255579,0.01
1679273,LW,0.0,0.0095186459846747,0.01
1590895,CZR,0.0,0.00793279067556177,0.008
1463101,ENPH,0.0,0.0068388659232212655,0.007
1524472,XYL,0.0477250787434882,0.054063879510646805,0.006
726728,O,0.07997954056536055,0.08455542618629179,0.005
277135,GWW,0.0733703323541217,0.07870159843768411,0.005
822416,PHM,0.033929667198584125,0.03772434940010456,0.004
1060391,RSG,0.10419314393038157,0.10789403718206125,0.004
1297996,DLR,0.08523149109101165,0.08822055916180414,0.003
815556,FAST,0.07294820592772666,0.07512330536647029,0.002
24741,GLW,0.12100893220347558,0.12241066994086813,0.001
89800,SHW,0.13471103038012222,0.13173938989307102,-0.003
65984,ETR,0.07070159365320342,0.06730987409666973,-0.003
927653,MCK,0.17058977813990084,0.16637321763155907,-0.004
1037038,RL,0.03988332401799825,0.034965403234889586,-0.005
1014473,VRSN,0.04273589601375438,0.037004441059603245,-0.006
107263,WMB,0.12560876472564184,0.11969895345299628,-0.006
33213,EQT,0.060697610813783796,0.05454422444226595,-0.006
1111711,NI,0.03847114111660828,0.03222442507374365,-0.006
1020569,IRM,0.04601732271254193,0.03998116822202906,-0.006
1289490,EXR,0.05453258568796155,0.04705442059759388,-0.007
26172,CMI,0.12304134045216743,0.11489377421666615,-0.008
106040,WDC,0.10515820313387966,0.09629304835662301,-0.009
1267238,AIZ,0.02844038049132303,0.019816969520144202,-0.009
916365,TSCO,0.053240746961584234,0.04308962547895369,-0.01
1564708,NWS,0.03685961674445829,0.026942047525444532,-0.01
1116132,TPR,0.05350116670007662,0.04312815726900617,-0.01
8818,AVY,0.03324365314358327,0.022923909653073258,-0.01
920760,LEN,0.05194327097066958,0.04139892974687485,-0.011
1579241,ALLE,0.03297199330336209,0.02233610900988237,-0.011
1037646,MTD,0.05900342602544845,0.046829448342975234,-0.012
898173,ORLY,0.1388771659799292,0.12582864971963212,-0.013
940944,DRI,0.048083998259707605,0.03498603430213274,-0.013
1101239,EQIX,0.13705493175174105,0.12266466795412873,-0.014
916076,MLM,0.07553195404346269,0.06123078382083787,-0.014
78814,PBI,0.015210973828884628,0.0,-0.015
52988,J,0.04080322500001856,0.0256487049670813,-0.015
1130310,CNP,0.057010269371908395,0.040815750826557175,-0.016
1090872,A,0.0787508524609512,0.06290191357659154,-0.016
31791,RVTY,0.03457401367533364,0.018311786964884467,-0.016
1002047,NTAP,0.0521787342804167,0.03485776690284644,-0.017
746515,EXPD,0.051319213530319624,0.03297650532038674,-0.018
827054,MCHP,0.0744468474877531,0.05615376345169423,-0.018
711404,COO,0.04584801206479568,0.02656977832365346,-0.019
820027,AMP,0.09419608539173473,0.07537514431209845,-0.019
1071739,CNC,0.05219210942249153,0.0329806642407707,-0.019
1324404,CF,0.0394239936333552,0.020426632289187004,-0.019
816761,TDC,0.01896070449979596,0.0,-0.019
29905,DOV,0.06253372182017886,0.0436641433951002,-0.019
352541,LNT,0.046308602857466914,0.027249223865598797,-0.019
1000697,WAT,0.05782000825448436,0.03688112798085536,-0.021
85961,R,0.021382537690230945,0.0,-0.021
51253,IFF,0.05027617455992535,0.02816257002075177,-0.022
310764,SYK,0.24101545534547364,0.2191710148448351,-0.022
313616,DHR,0.2892527906071037,0.26728720122603866,-0.022
1442145,VRSK,0.07301951781530676,0.0509611990719244,-0.022
1024478,ROK,0.0929396342891849,0.07133002600605576,-0.022
882835,ROP,0.09976544389866182,0.07812684837165947,-0.022
1385157,TEL,0.13225476101459208,0.1092752051153919,-0.023
320335,GL,0.04290984368458223,0.018473433382451228,-0.024
91440,SNA,0.05338913508943385,0.029311027703388195,-0.024
874761,AES,0.04114936991575774,0.01665148730235979,-0.024
1002910,AEE,0.06838130830377638,0.044045423179657754,-0.024
823768,WM,0.16837918534784246,0.1443316918953517,-0.024
1043277,CHRW,0.05577642637311206,0.030968109278660363,-0.025
20286,CINF,0.06704418310156393,0.041644799776301714,-0.025
915913,ALB,0.0520137073439888,0.02714499441314877,-0.025
350698,AN,0.026397324497203955,0.0,-0.026
1593538,NAVI,0.02568618884768188,0.0,-0.026
12659,HRB,0.025580580340711662,0.0,-0.026
1123360,GPN,0.05731167970826378,0.030619253772567755,-0.027
1099800,EW,0.109041500770641,0.08161248160942583,-0.027
753308,NEE,0.2998790216248982,0.27262479776176274,-0.027
1048695,FFIV,0.050784410166565035,0.024178611767102023,-0.027
1174922,WYNN,0.04728394844950721,0.02040137163168886,-0.027
75362,PCAR,0.12039051926003239,0.0937847499986795,-0.027
728535,JBHT,0.058043739106137617,0.030674990852990504,-0.027
77360,PNR,0.054744026514017996,0.027837450183309197,-0.027
1396009,VMC,0.08898773893197744,0.06145178503984234,-0.028
1410636,AWK,0.06927850319836489,0.04153257866597397,-0.028
811156,CMS,0.062406081880544126,0.034701145056746124,-0.028
313927,CHD,0.06139244153649142,0.03330780104193983,-0.028
865752,MNST,0.27201851053712506,0.24429217646322562,-0.028
866787,AZO,0.12143560243556985,0.09198219126673425,-0.029
1571949,ICE,0.18055056401370262,0.15117328303105754,-0.029
764622,PNW,0.04667329868936603,0.017311433641582608,-0.029
717423,MUR,0.02879837185882336,0.0,-0.029
1031296,FE,0.07361877003628149,0.04217097933772571,-0.031
74208,UDR,0.05380576217647456,0.022518103611400657,-0.031
49196,HBAN,0.07704222424982576,0.044552889918274226,-0.032
33185,EFX,0.07606743897501905,0.04358843575871121,-0.032
202058,LHX,0.12169490426470903,0.08956194452676906,-0.032
352915,UHS,0.054796032516768206,0.022623911720303865,-0.032
315213,RHI,0.033489443294244615,0.0,-0.033
796343,ADBE,0.27500254975825217,0.24208975088185603,-0.033
1048286,MAR,0.170369006534409,0.13732521297857225,-0.033
46080,HAS,0.052149755906404166,0.01876446677094469,-0.033
63754,MKC,0.06318886458051294,0.029806029279698346,-0.033
874766,HIG,0.09669514648189403,0.06266835766747841,-0.034
1324424,EXPE,0.0913034155095471,0.057152656574322475,-0.034
62996,MAS,0.05576962174342774,0.021664637629053546,-0.034
315293,AON,0.15763705781552476,0.1240736319856275,-0.034
30625,FLS,0.03367439532459079,0.0,-0.034
879101,KIM,0.05744891238829773,0.022382969141667843,-0.035
1530721,CPRI,0.035012374423898394,0.0,-0.035
58492,LEG,0.035056467477621304,0.0,-0.035
912595,MAA,0.061903993103186915,0.02718807795125312,-0.035
1526520,TRIP,0.03629571010423059,0.0,-0.036
1022079,DGX,0.06788254295355389,0.03164153409950867,-0.036
1604778,QRVO,0.036182582301202165,0.0,-0.036
920148,LH,0.07103792807777992,0.03399516778091982,-0.037
1065696,LKQ,0.05063453291921331,0.012670255262542295,-0.038
78239,PVH,0.038427316268119405,0.0,-0.038
1124198,FLR,0.039289418778039986,0.0,-0.039
96223,JEF,0.04035332285226055,0.0,-0.04
72903,XEL,0.11106408068254867,0.07124319256932969,-0.04
922864,AIV,0.0402023411855233,0.0,-0.04
1403568,ULTA,0.08523402667716323,0.04423463455512996,-0.041
1032208,SRE,0.13519700097399176,0.09396431540404632,-0.041
34903,FRT,0.05563218403839101,0.014266800014366721,-0.041
73309,NUE,0.10183746681083446,0.06086926447545969,-0.041
37785,FMC,0.04066752830748337,0.0,-0.041
1086222,AKAM,0.06207973222978858,0.020467811885676295,-0.042
745732,ROST,0.1388954382877225,0.09553134352368749,-0.043
42582,GT,0.043293331703400426,0.0,-0.043
1285785,MOS,0.055307277548093885,0.012468224650999052,-0.043
1681459,FTI,0.04308105202506957,0.0,-0.043
1004434,AMG,0.04426170153285182,0.0,-0.044
783325,WEC,0.09944526155567783,0.055938944593668244,-0.044
721371,CAH,0.12374811438933371,0.07961580959584316,-0.044
908255,BWA,0.04512859545466311,0.0,-0.045
46765,HP,0.04516296607250091,0.0,-0.045
315852,RRC,0.045096329750815595,0.0,-0.045
217346,TXT,0.0704589947046809,0.025330149709433456,-0.045
915389,EMN,0.05929421610272672,0.011951969148849302,-0.047
885639,KSS,0.046815001624479644,0.0,-0.047
109380,ZION,0.04710395298864962,0.0,-0.047
914208,IVZ,0.06681379311497122,0.019103360797680508,-0.048
1770450,XRX,0.0475736359718143,0.0,-0.048
40987,GPC,0.07634136796795063,0.027891628919143978,-0.048
764478,BBY,0.07193946847938029,0.022929765433628607,-0.049
60086,L,0.08468255747297451,0.035619165295575975,-0.049
1156375,CME,0.21029121284195282,0.16057038621890438,-0.05
1555280,ZTS,0.1420137456664375,0.09092500864706371,-0.051
63276,MAT,0.05062447315897276,0.0,-0.051
1000228,HSIC,0.06560201983060383,0.014945300711167484,-0.051
936340,DTE,0.0949605327113611,0.04367907650324888,-0.051
723531,PAYX,0.11736397476501692,0.065662985136913,-0.052
72741,ES,0.09402292793666654,0.04119163275124091,-0.053
788784,PEG,0.11925691048991875,0.06535821946336491,-0.054
1281761,RF,0.09373167685445027,0.039430689570343215,-0.054
5513,UNM,0.05478093585844823,0.0,-0.055
920522,ESS,0.0846062938240866,0.029471380725474058,-0.055
1170010,KMX,0.06472693240668072,0.009252232067681799,-0.055
793952,HOG,0.05471534364526841,0.0,-0.055
1144215,AYI,0.05467407254736999,0.0,-0.055
1070750,HST,0.07570443822044508,0.020138524413289314,-0.056
4977,AFL,0.1525926560120588,0.09616664119938385,-0.056
927066,DVA,0.06924793233192694,0.013245633058166634,-0.056
1041061,YUM,0.12486431646962556,0.06849103528435767,-0.056
899051,ALL,0.1466325284406131,0.08943673382765473,-0.057
1126328,PFG,0.08942218813673276,0.03204214642900445,-0.057
1365135,WU,0.056575365049879776,0.0,-0.057
1156039,ELV,0.18536895497096695,0.12871424623136563,-0.057
935703,DLTR,0.09788205864386722,0.04091214432961761,-0.057
759944,CFG,0.09798012268644693,0.041083374204675255,-0.057
47111,HSY,0.11792584019426168,0.06017413479967598,-0.058
4127,SWKS,0.07452845503884381,0.015502334308855175,-0.059
794367,M,0.0588048076542747,0.0,-0.059
766421,ALK,0.058761671677591686,0.0,-0.059
35527,FITB,0.10929007456192638,0.05045679302363034,-0.059
912242,MAC,0.05879307142172698,0.0,-0.059
1040971,SLG,0.061063763674616384,0.0,-0.061
740260,VTR,0.11977084649039149,0.05926929133726121,-0.061
29534,DG,0.10993154144609714,0.04765487794589878,-0.062
1047862,ED,0.12061953764967268,0.058454312180372975,-0.062
1113169,TROW,0.0984224121413094,0.03667966959388628,-0.062
31462,ECL,0.18370548220094726,0.12141067321668143,-0.062
1510295,MPC,0.1427699702974703,0.08062196645139813,-0.062
21076,CLX,0.08301112271923684,0.020055332619183713,-0.063
91419,SJM,0.08021724063801816,0.01701667451938551,-0.063
1585364,PRGO,0.06410707961089851,0.0,-0.064
1364742,BLK,0.3349836824521949,0.2707859844809711,-0.064
702165,NSC,0.1694952017684167,0.1056389163404034,-0.064
1739940,CI,0.18398007645518089,0.11988414906312805,-0.064
100517,UAL,0.12422669648866982,0.05902870656458164,-0.065
73124,NTRS,0.1083242030024405,0.042464885077538365,-0.066
4904,AEP,0.16631491544897883,0.10064365828078592,-0.066
29989,OMC,0.1078522557891803,0.04178460972234507,-0.066
1158449,AAP,0.06700584080905861,0.0,-0.067
851968,MHK,0.0795593065336844,0.011073502327150743,-0.068
1659166,FTV,0.09961203774696455,0.03045906088488826,-0.069
91576,KEY,0.1060726472042105,0.03678307273686409,-0.069
277948,CSX,0.17882716945398242,0.11019669552461397,-0.069
1521332,APTV,0.09579887045865675,0.02701813764154866,-0.069
32604,EMR,0.1930144301192099,0.12169036472658118,-0.071
818479,XRAY,0.07160503262427047,0.0,-0.072
1024305,COTY,0.07349083986364394,0.0,-0.073
106640,WHR,0.07334411129320348,0.0,-0.073
93556,SWK,0.09284591315869135,0.018759932127304,-0.074
14693,BF-B,0.094087024852663,0.019683482203837227,-0.074
1467373,ACN,0.3448521199209906,0.2713062118951409,-0.074
1021860,NOV,0.07596614537610932,0.0,-0.076
1136893,FIS,0.1333783893194754,0.05661034539886695,-0.077
8670,ADP,0.24786590687035648,0.16991149278541443,-0.078
872589,REGN,0.21163359616470967,0.13339780679191043,-0.078
2969,APD,0.1679517682864608,0.089658469303264,-0.078
36270,MTB,0.12956306414397215,0.05133997944159534,-0.078
48465,HRL,0.09891085616708715,0.021259149199825283,-0.078
23217,CAG,0.09301396438881433,0.013502389427832565,-0.08
86312,TRV,0.18681708945315986,0.10648262223536477,-0.08
833444,JCI,0.20772028080116045,0.12777893562719383,-0.08
59558,LNC,0.08018000582677133,0.0,-0.08
922224,PPL,0.12432068938202066,0.04224203994662586,-0.082
1136869,ZBH,0.11104942902294974,0.029058262106495533,-0.082
51434,IP,0.11722874479716226,0.03391575801473793,-0.083
1035002,VLO,0.16614238903347478,0.08246157366401143,-0.084
16732,CPB,0.09888042909790053,0.013548741640982437,-0.085
100493,TSN,0.11853442094847388,0.03374742017421781,-0.085
1133421,NOC,0.22023520471391153,0.13313013269638785,-0.087
827052,EIX,0.1260066870514473,0.03766340272016511,-0.088
24545,TAP,0.10434914819446853,0.01505255429278322,-0.089
1001250,EL,0.1505646103918633,0.06153420893307147,-0.089
1090012,DVN,0.12831823053411984,0.03791612663777662,-0.09
106535,WY,0.12092450046483673,0.02787135884256058,-0.093
1037540,BXP,0.11546040718353051,0.01946455837352896,-0.096
7084,ADM,0.1411127752221842,0.04505042097927343,-0.096
79879,PPG,0.13439293621492465,0.0377082191521412,-0.097
1075531,BKNG,0.3803225090340076,0.28301786353506986,-0.097
10795,BDX,0.189281214631537,0.09032141253838259,-0.099
1110803,ILMN,0.10063421609519364,0.0,-0.101
93751,STT,0.16105622840921718,0.05967956915096743,-0.101
38777,BEN,0.12094715525475083,0.02031091610519597,-0.101
47217,HPQ,0.1347959011746879,0.03395771185040822,-0.101
9389,BALL,0.12660214937766884,0.02350642986851469,-0.103
1109357,EXC,0.17603150300135242,0.07178817236828168,-0.104
92122,SO,0.26189577582952717,0.1565652076178145,-0.105
1051470,CCI,0.16778679764956306,0.06310627363210577,-0.105
886982,GS,0.5387374769008014,0.4338920307507363,-0.105
96021,SYY,0.16269070237794744,0.05753978112263213,-0.105
56873,KR,0.17392472562079525,0.06751399789387329,-0.106
1004980,PCG,0.1650867081271074,0.057593831725798024,-0.107
1053507,AMT,0.2423733206122608,0.1340538727871702,-0.108
1601712,SYF,0.15927142788715762,0.05061537752316238,-0.109
60667,LOW,0.3323458911248944,0.22058738784078946,-0.112
49071,HUM,0.1634294286170355,0.050231825672416894,-0.113
10456,BAX,0.1286503797958856,0.016018471926530706,-0.113
899689,VNO,0.11285229524881765,0.0,-0.113
49826,ITW,0.23092089600264212,0.11707201464624314,-0.114
1841666,APA,0.1294642660239612,0.014270212928083547,-0.115
1065088,EBAY,0.18008084499596969,0.06490594287060668,-0.115
814453,NWL,0.11588152308248663,0.0,-0.116
1058290,CTSH,0.18262081940437766,0.06609981611841079,-0.117
1336917,UAA,0.11662490843718741,0.0,-0.117
27904,DAL,0.19237197143253992,0.07389210082921051,-0.118
103379,VFC,0.11857337235822735,0.0,-0.119
798354,FISV,0.12393130307678288,0.0,-0.124
16918,STZ,0.16558934697018213,0.03915786668375888,-0.126
896159,CB,0.3302886731419668,0.202911830667998,-0.127
92380,LUV,0.16473613251352523,0.035394036528831066,-0.129
6201,AAL,0.12996131234719166,0.0,-0.13
40533,GD,0.28246409179897336,0.1482856383859977,-0.134
1393311,PSA,0.20806747755046395,0.07424600034331173,-0.134
97476,TXN,0.3918714812376127,0.2571899480383878,-0.135
815097,CCL,0.20305618165211234,0.06533606828630344,-0.138
1326160,DUK,0.28730855297077285,0.1486295705070077,-0.139
18926,LUMN,0.140160496168634,0.0,-0.14
1163165,COP,0.3337504234054577,0.1906403130236005,-0.143
27419,TGT,0.2179585309871,0.07242764948204874,-0.146
1506307,KMI,0.24837048819047022,0.09972593013065718,-0.149
40704,GIS,0.19247286627407004,0.04045799021947477,-0.152
1467858,GM,0.2807609268686622,0.12624666754675418,-0.155
1645590,HPE,0.20696491894510058,0.0522699999978899,-0.155
1048911,FDX,0.2665920630964555,0.11113927440309357,-0.155
1534701,PSX,0.24178667957098143,0.08503336688294279,-0.157
1108134,BBT,0.1606353050339016,0.0,-0.161
1633917,PYPL,0.25586102548658685,0.09094726320095099,-0.165
1489393,LYB,0.18779970479967842,0.02272597390585532,-0.165
55785,KMB,0.21957782102541415,0.05460048238670307,-0.165
713676,PNC,0.30568748956526276,0.1337389446268064,-0.172
37996,F,0.25894805503706586,0.08524278333983916,-0.174
715957,D,0.25788261803142015,0.0815806912842902,-0.176
1137774,PRU,0.2403853220575876,0.06477976467259339,-0.176
63908,MCD,0.5430351962394855,0.35563430251043476,-0.187
21665,CL,0.3124813070574456,0.10413989937806535,-0.208
936468,LMT,0.3933955323972457,0.1841285635371026,-0.209
45012,HAL,0.2511964776089138,0.03928879203278045,-0.212
19617,JPM,1.6585592799267874,1.4447623983347808,-0.214
804328,QCOM,0.5173106321571322,0.3009502071945413,-0.216
821189,EOG,0.31326762528987573,0.09349065203525829,-0.22
797468,OXY,0.29242793512873605,0.06605903315825258,-0.226
1063761,SPG,0.3452988436767783,0.11385700222171802,-0.231
1099219,MET,0.31821224250228225,0.08560239416181173,-0.233
100885,UNP,0.45902615699446697,0.22373597480391058,-0.235
92230,TFC,0.3388263632502563,0.10346726832725654,-0.235
12927,BA,0.5161672837451232,0.27723701842326365,-0.239
1666700,DD,0.26723553711976594,0.027464051751629883,-0.24
1437107,WBD,0.3575896657919424,0.11647032228170229,-0.241
1103982,MDLZ,0.3635645510852008,0.1135770188795903,-0.25
882095,GILD,0.5068352298525262,0.2483364296371634,-0.258
773840,HON,0.4743270851943657,0.21436854403144695,-0.26
829224,SBUX,0.4340977259414076,0.15613937544863038,-0.278
5272,AIG,0.36038357485211353,0.07728281428216498,-0.283
64803,CVS,0.4520892381386962,0.1642711834757279,-0.288
875045,BIIB,0.33146543936552286,0.042099308307892075,-0.289
318154,AMGN,0.5843326836128679,0.2873951966338563,-0.297
320187,NKE,0.4547808698367641,0.15356467074924457,-0.301
858877,CSCO,0.8130220204591498,0.49628075084622236,-0.317
354950,HD,0.8774533190828998,0.5585744554276937,-0.319
1613103,MDT,0.5254180598602844,0.20090435186113412,-0.325
731766,UNH,0.8183464534931113,0.48759541110325433,-0.331
36104,USB,0.469064321029155,0.1354030381744519,-0.334
14272,BMY,0.5246891688979548,0.17905486933342266,-0.346
1413329,PM,0.7624986632009846,0.4071386199008418,-0.355
1067983,BRK-B,2.152277977286303,1.7682079367013017,-0.384
51143,IBM,0.8479132784672683,0.45147989944653605,-0.396
1090727,UPS,0.5374455057980162,0.13721806936787584,-0.4
1091667,CHTR,0.4740869620746352,0.046494184721547954,-0.428
66740,MMM,0.5724520619345691,0.13904867195931453,-0.433
310158,MRK,0.871984035183384,0.42871455926237817,-0.443
21344,KO,0.9562961084469498,0.49060065766747707,-0.466
77476,PEP,0.8061494368266386,0.3203985142993593,-0.486
1637459,KHC,0.5710265791344016,0.046804456667741,-0.524
87347,SLB,0.6273407428071104,0.09349394737825346,-0.534
70858,BAC,1.1997320977761394,0.6642813515118995,-0.535
764180,MO,0.705933853634107,0.15794498614825778,-0.548
1744489,DIS,0.8867788325229766,0.3335427968672282,-0.553
831001,C,0.9098402092142445,0.3502784880700861,-0.56
1418135,KDP,0.6766372906823,0.062051094170634126,-0.615
50863,INTC,0.9234001673076095,0.28700857926418216,-0.636
80424,PG,1.2087399544529576,0.5469309687586356,-0.662
93410,CVX,1.1970317953419387,0.5007262444554172,-0.696
1166691,CMCSA,0.8876284042503343,0.17995420929284695,-0.708
78003,PFE,1.0588709461672037,0.23085217670213692,-0.828
200406,JNJ,1.683834376518092,0.813028065849461,-0.871
732712,VZ,1.1690566412764594,0.2800328310168924,-0.889
40545,GE,1.5017887740512472,0.5326341155496808,-0.969
72971,WFC,1.486923913607897,0.48683609701340924,-1.0
732717,T,1.4031049544383591,0.28962174460892665,-1.113
34088,XOM,2.010724584837681,0.8365667650153322,-1.174
