year,roster,before,after,coverage_after,pct_before,pct_after,gain
2016,484,391,417,0.8615702479338843,80.8,86.2,5.4
2017,491,405,433,0.8818737270875764,82.5,88.2,5.7
2018,497,417,448,0.9014084507042254,83.9,90.1,6.2
2019,499,430,457,0.9158316633266533,86.2,91.6,5.4
2020,501,441,465,0.9281437125748503,88.0,92.8,4.8
2021,501,449,467,0.9321357285429142,89.6,93.2,3.6
2022,498,464,472,0.9477911646586346,93.2,94.8,1.6
2023,502,475,479,0.954183266932271,94.6,95.4,0.8
2024,503,483,486,0.9662027833001988,96.0,96.6,0.6
2025,503,488,491,0.9761431411530815,97.0,97.6,0.6
