year,n_published,gini_published,top1_share_published,top10_share_published,hhi_published,alpha_hill_published,n_repaired,gini_repaired,top1_share_repaired,top10_share_repaired,hhi_repaired,alpha_hill_repaired,n_delta,gini_delta,top1_share_delta,top10_share_delta,hhi_delta,alpha_hill_delta
2016,391,0.5856316474690428,0.1131936927645091,0.4806657300073741,0.0089477206525685,1.490763156548283,417,0.5996583908617847,0.11304835305313926,0.49845320589392267,0.008894884804584946,1.416537371164995,26,0.014026743392741903,-0.00014533971136983237,0.017787475886548554,-5.283584798355424e-05,-0.07422578538328817
2017,405,0.5921255166702926,0.1306333317007685,0.4844649055911065,0.0095926934997998,1.4738422828701043,433,0.6088895929785569,0.12838978916956428,0.5059788900321193,0.00967775399778487,1.3240981081871033,28,0.016764076308264375,-0.0022435425312042068,0.021513984441012768,8.50604979850695e-05,-0.14974417468300105
2018,417,0.6135152145679794,0.1466145102986578,0.5110755457463919,0.010558254147796,1.4087367861030755,448,0.6271377161666676,0.1360201644394252,0.5276702490440721,0.010462038375416267,1.360153067131968,31,0.013622501598688164,-0.010594345859232607,0.016594703297680202,-9.621577237973328e-05,-0.04858371897110758
2019,430,0.6137563689211643,0.1644903514374161,0.5084311552336327,0.0115283794563195,1.5195882349048255,457,0.6313800447461404,0.18612157299950724,0.5310349550203474,0.011496778228626416,1.420144149640531,27,0.017623675824976148,0.02163122156209113,0.022603799786714673,-3.160122769308403e-05,-0.0994440852642946
2020,441,0.6473132679953151,0.2118082697115717,0.5417358110438463,0.0159524094805348,1.6329403045869586,465,0.6620155542417536,0.231720822788572,0.560047776669192,0.015482109851124675,1.5088487788365328,24,0.014702286246438545,0.019912553077000295,0.01831196562534576,-0.0004702996294101251,-0.12409152575042581
2021,449,0.646140093457015,0.223518301133954,0.5507556878520428,0.0172341099616429,1.5107776369198067,467,0.6641129722243544,0.25084854047087746,0.5744229170903516,0.017135570314776385,1.392832961632304,18,0.01797287876733944,0.027330239336923468,0.023667229238308884,-9.853964686651687e-05,-0.11794467528750263
2022,464,0.6260078366939399,0.1957110659124147,0.5193941367966965,0.0128145351845898,1.5189510267109865,472,0.6363524283765796,0.20199131282451502,0.5336281813010394,0.012997053920987059,1.4547174833451333,8,0.010344591682639681,0.006280246912100329,0.014234044504342847,0.0001825187363972587,-0.06423354336585319
2023,475,0.6607070826544827,0.2458977624858855,0.5706016023808655,0.0174329513452399,1.2634861515210518,479,0.6719399127562184,0.24800577995918174,0.5837529177743573,0.01764349585248308,1.2095159856204616,4,0.011232830101735702,0.002108017473296253,0.013151315393491791,0.00021054450724317803,-0.05397016590059023
2024,483,0.6957715173139551,0.2849398313490905,0.6134923918075887,0.02139149342784,1.1958186520314735,486,0.7056019208041922,0.2729568539018274,0.6294228026110755,0.02138172493038021,1.1296652736714008,3,0.009830403490237005,-0.011982977447263121,0.015930410803486783,-9.768497459788916e-06,-0.06615337836007273
2025,488,0.7186008880124679,0.3004996090207512,0.6375737163493168,0.023407332380566,1.141289908448081,491,0.7316626262460584,0.3030858279763961,0.6550559345918681,0.024113852338080596,1.0894581017854712,3,0.01306173823359047,0.0025862189556449255,0.01748221824255125,0.0007065199575145981,-0.05183180666260978
