definition,n_tail_firms,variable,group,first,last,slope,p
top 1%,9,capex_intensity,digital,0.0601,0.0686,0.00266,0.0019
top 1%,9,capex_intensity,rest,0.0905,0.0948,0.00198,0.0007
top 1%,9,capex_intensity,tail,0.087,0.1584,0.00429,0.0095
top 1%,9,asset_light,digital,0.8692,0.8928,0.00216,0.0
top 1%,9,asset_light,rest,0.7199,0.7467,0.00381,0.0003
top 1%,9,asset_light,tail,0.7618,0.6474,-0.01122,0.0
top 5%,42,capex_intensity,digital,0.0547,0.0571,0.00248,0.0626
top 5%,42,capex_intensity,rest,0.0931,0.0976,0.00209,0.0007
top 5%,42,capex_intensity,tail,0.0632,0.0975,0.00284,0.0055
top 5%,42,asset_light,digital,0.8775,0.9012,0.00227,0.0
top 5%,42,asset_light,rest,0.7141,0.742,0.00393,0.0003
top 5%,42,asset_light,tail,0.8117,0.8015,-0.00084,0.3568
top 10%,80,capex_intensity,digital,0.0428,0.0483,0.00256,0.1008
top 10%,80,capex_intensity,rest,0.0974,0.1023,0.00227,0.0005
top 10%,80,capex_intensity,tail,0.059,0.0799,0.00212,0.0
top 10%,80,asset_light,digital,0.887,0.9113,0.00213,0.0
top 10%,80,asset_light,rest,0.7057,0.7339,0.00388,0.0008
top 10%,80,asset_light,tail,0.8192,0.8196,0.00072,0.2683
